ID,Ear/finger,Motion,Quality,HR
100001,1,0,1,83
100002,1,0,1,85
100003,1,0,1,81
100004,1,8,0,85
101001,1,0,1,67
101002,1,0,1,69
101003,1,0,1,71
101004,1,8,0,67
102001,1,0,1,68
102002,1,0,1,66
102003,1,0,1,67
102004,1,8,1,66
103001,1,0,0,86
103002,1,0,1,91
103003,1,0,1,100
103004,1,8,0,101
104001,1,0,1,108
104002,1,0,1,122
104003,1,0,1,115
104004,1,8,0,117
105001,1,0,1,86
105002,1,0,1,91
105003,1,0,1,81
105004,1,8,0,100
106001,1,0,1,63
106002,1,0,1,67
106003,1,0,1,65
106004,1,8,0,62
107001,1,0,1,75
107002,1,0,1,104
107003,1,0,1,106
107004,1,8,0,117
108001,1,0,1,73
108002,1,0,1,76
108003,1,0,1,75
108004,1,8,0,75
109001,1,0,1,82
109002,1,0,1,84
109003,1,0,1,78
109004,1,8,0,85
110001,1,0,1,96
110002,1,0,1,98
110003,1,0,1,96
110004,1,8,0,96
111001,1,0,1,100
111002,1,0,1,95
111003,1,0,0,102
111004,1,8,0,102
112001,0,0,0,85
112002,0,0,0,64
112003,0,0,0,65
112004,0,0,0,62
112005,0,0,0,59
112006,0,0,0,59
112007,0,0,0,63
112008,0,0,0,63
112009,0,0,0,66
112010,0,0,0,66
112011,0,0,0,68
112012,0,0,0,68
112013,0,0,0,65
112014,0,0,0,67
112015,0,1,0,66
112016,0,1,0,65
112017,0,0,0,65
112018,0,0,0,69
112019,0,2,0,69
112020,0,2,0,67
112021,0,0,0,70
112022,0,0,0,67
112023,0,3,0,65
112024,0,3,0,82
112025,0,0,0,89
112026,0,0,0,64
112027,0,4,0,66
112028,0,4,0,68
112029,0,0,0,61
112030,0,0,0,63
112031,0,5,0,68
112032,0,5,0,77
112033,0,0,0,62
112034,0,0,0,62
112035,0,6,0,64
112036,0,6,0,66
112037,0,6,0,66
112038,0,6,0,68
112039,0,0,0,70
112040,0,0,0,69
112041,0,7,0,63
112042,0,7,0,70
112043,0,0,0,76
112044,0,0,0,66
112045,0,0,0,63
112046,0,0,0,65
112047,0,0,0,65
112048,0,0,0,69
112049,0,0,0,75
112050,0,0,0,71
112051,0,0,0,75
112052,0,0,0,79
112053,0,0,0,67
112054,0,0,0,66
112055,0,0,0,70
112056,0,0,0,65
112057,0,0,0,61
112058,0,0,0,64
112059,0,0,0,57
112060,0,0,0,58
112061,0,0,0,61
112062,0,0,0,65
112063,0,0,0,64
112064,0,0,0,66
112065,0,0,0,64
112066,0,0,0,64
112067,0,0,0,64
112068,0,0,0,65
112069,0,1,0,65
112070,0,1,0,65
112071,0,0,0,63
112072,0,0,0,64
112073,0,2,0,63
112074,0,2,0,62
112075,0,0,0,65
112076,0,0,0,63
112077,0,3,0,88
112078,0,3,0,70
112079,0,0,0,76
112080,0,0,1,71
112081,0,4,0,64
112082,0,4,0,60
112083,0,0,0,56
112084,0,0,0,55
112085,0,5,0,65
112086,0,5,0,58
112087,0,0,0,57
112088,0,0,0,60
112089,0,6,0,66
112090,0,6,0,66
112091,0,6,0,67
112092,0,6,0,72
112093,0,0,0,73
112094,0,0,0,62
112095,0,7,0,68
112096,0,7,1,63
112097,0,0,0,63
112098,0,0,0,61
112099,0,0,0,66
112100,0,0,0,70
112101,0,0,0,69
112102,0,0,0,68
112103,0,0,0,69
112104,0,0,0,71
112105,0,0,0,70
112106,0,0,0,70
112107,0,0,0,70
112108,0,0,0,65
113001,0,0,0,70
113002,0,0,0,67
113003,0,0,0,70
113004,0,0,0,71
113005,0,0,0,70
113006,0,0,0,68
113007,0,0,0,72
113008,0,0,0,68
113009,0,0,1,68
113010,0,0,0,69
113011,0,0,0,68
113012,0,0,0,69
113013,0,0,0,69
113014,0,0,1,71
113015,0,1,0,69
113016,0,1,0,68
113017,0,0,0,70
113018,0,0,0,69
113019,0,2,0,70
113020,0,2,0,70
113021,0,0,0,69
113022,0,0,0,68
113023,0,3,0,83
113024,0,3,0,76
113025,0,0,0,77
113026,0,0,0,71
113027,0,4,0,76
113028,0,4,0,71
113029,0,0,0,73
113030,0,0,0,68
113031,0,5,0,78
113032,0,5,0,69
113033,0,0,0,72
113034,0,0,0,70
113035,0,6,0,71
113036,0,6,0,71
113037,0,6,0,71
113038,0,6,0,72
113039,0,0,0,71
113040,0,0,0,69
113041,0,7,0,70
113042,0,7,0,69
113043,0,0,0,71
113044,0,0,0,70
113045,0,0,0,70
113046,0,0,0,69
113047,0,0,0,69
113048,0,0,0,70
113049,0,0,0,67
113050,0,0,0,72
113051,0,0,0,71
113052,0,0,0,72
113053,0,0,0,71
113054,0,0,0,71
114001,0,0,0,80
114002,0,0,1,75
114003,0,0,0,75
114004,0,0,0,74
114005,0,0,0,71
114006,0,0,1,73
114007,0,0,0,74
114008,0,0,0,75
114009,0,0,0,70
114010,0,0,0,71
114011,0,0,0,74
114012,0,0,0,74
114013,0,0,0,76
114014,0,0,0,76
114015,0,1,0,72
114016,0,1,0,74
114017,0,0,0,75
114018,0,0,0,74
114019,0,2,0,72
114020,0,2,0,76
114021,0,0,0,79
114022,0,0,0,78
114023,0,3,0,94
114024,0,3,0,88
114025,0,0,0,81
114026,0,0,0,78
114027,0,4,0,91
114028,0,4,0,85
114029,0,0,0,77
114030,0,0,0,73
114031,0,5,0,82
114032,0,5,0,75
114033,0,0,0,72
114034,0,0,0,73
114035,0,6,0,75
114036,0,6,0,75
114037,0,6,0,76
114038,0,6,0,75
114039,0,0,0,78
114040,0,0,0,76
114041,0,7,0,74
114042,0,7,0,79
114043,0,0,0,77
114044,0,0,0,77
114045,0,0,0,77
114046,0,0,0,74
114047,0,0,1,74
114048,0,0,0,78
114049,0,0,0,77
114050,0,0,0,76
114051,0,0,1,76
114052,0,0,0,76
114053,0,0,0,76
114054,0,0,0,77
114055,0,0,0,86
114056,0,0,0,81
114057,0,0,0,77
114058,0,0,0,78
114059,0,0,0,76
114060,0,0,0,75
114061,0,0,0,76
114062,0,0,0,72
114063,0,0,0,74
114064,0,0,0,75
114065,0,0,0,75
114066,0,0,0,74
114067,0,0,0,75
114068,0,0,0,77
114069,0,1,0,74
114070,0,1,0,77
114071,0,0,0,73
114072,0,0,1,74
114073,0,2,0,70
114074,0,2,0,72
114075,0,0,0,81
114076,0,0,0,80
114077,0,3,0,86
114078,0,3,0,94
114079,0,0,0,85
114080,0,0,0,76
114081,0,4,0,78
114082,0,4,0,81
114083,0,0,1,77
114084,0,0,1,73
114085,0,5,0,79
114086,0,5,0,77
114087,0,0,0,78
114088,0,0,0,74
114089,0,6,0,76
114090,0,6,0,78
114091,0,6,0,76
114092,0,6,0,78
114093,0,0,0,78
114094,0,0,0,81
114095,0,7,0,77
114096,0,7,0,79
114097,0,0,0,83
114098,0,0,0,79
114099,0,0,0,74
114100,0,0,0,73
114101,0,0,0,74
114102,0,0,1,75
114103,0,0,0,76
114104,0,0,1,76
114105,0,0,0,77
114106,0,0,0,77
114107,0,0,0,78
114108,0,0,0,78
115001,0,0,0,69
115002,0,0,0,66
115003,0,0,0,63
115004,0,0,0,54
115005,0,0,0,65
115006,0,0,0,71
115007,0,0,0,65
115008,0,0,0,67
115009,0,0,0,66
115010,0,0,0,62
115011,0,0,0,60
115012,0,0,0,58
115013,0,0,0,51
115014,0,0,0,62
115015,0,1,0,55
115016,0,1,0,57
115017,0,0,0,53
115018,0,0,0,54
115019,0,2,0,56
115020,0,2,0,61
115021,0,0,0,57
115022,0,0,0,51
115023,0,3,0,64
115024,0,3,0,72
115025,0,0,0,89
115026,0,0,0,72
115027,0,4,0,72
115028,0,4,0,58
115029,0,0,0,69
115030,0,0,0,59
115031,0,5,0,58
115032,0,5,0,63
115033,0,0,0,66
115034,0,0,0,59
115035,0,6,0,57
115036,0,6,0,57
115037,0,6,0,56
115038,0,6,0,53
115039,0,0,0,53
115040,0,0,0,60
115041,0,7,0,60
115042,0,7,0,65
115043,0,0,0,62
115044,0,0,0,62
115045,0,0,0,55
115046,0,0,0,66
115047,0,0,0,61
115048,0,0,0,55
115049,0,0,0,59
115050,0,0,0,58
115051,0,0,0,59
115052,0,0,0,61
115053,0,0,0,66
115054,0,0,0,67
115055,0,0,0,68
115056,0,0,0,65
115057,0,0,0,71
115058,0,0,0,58
115059,0,0,0,55
115060,0,0,0,48
115061,0,0,0,58
115062,0,0,0,60
115063,0,0,0,60
115064,0,0,0,55
115065,0,0,0,56
115066,0,0,0,45
115067,0,0,0,61
115068,0,0,0,61
115069,0,1,0,54
115070,0,1,0,51
115071,0,0,1,56
115072,0,0,1,63
115073,0,2,0,52
115074,0,2,0,56
115075,0,0,1,58
115076,0,0,0,72
115077,0,3,0,75
115078,0,3,1,63
115079,0,0,1,60
115080,0,0,1,63
115081,0,4,1,61
115082,0,4,0,57
115083,0,0,1,62
115084,0,0,0,53
115085,0,5,0,57
115086,0,5,1,64
115087,0,0,1,64
115088,0,0,1,62
115089,0,6,0,75
115090,0,6,1,60
115091,0,6,0,53
115092,0,6,1,60
115093,0,0,0,56
115094,0,0,0,61
115095,0,7,0,55
115096,0,7,0,63
115097,0,0,0,58
115098,0,0,0,58
115099,0,0,0,56
115100,0,0,0,58
115101,0,0,0,54
115102,0,0,0,53
115103,0,0,0,51
115104,0,0,0,53
115105,0,0,0,60
115106,0,0,0,64
115107,0,0,1,57
115108,0,0,0,59
116001,0,0,0,82
116002,0,0,0,78
116003,0,0,0,80
116004,0,0,0,77
116005,0,0,0,72
116006,0,0,0,69
116007,0,0,0,68
116008,0,0,0,73
116009,0,0,0,73
116010,0,0,0,71
116011,0,0,0,71
116012,0,0,0,70
116013,0,0,0,72
116014,0,0,0,72
116015,0,1,0,74
116016,0,1,0,73
116017,0,0,0,78
116018,0,0,0,71
116019,0,2,1,71
116020,0,2,0,74
116021,0,0,0,74
116022,0,0,0,74
116023,0,3,0,99
116024,0,3,0,80
116025,0,0,0,94
116026,0,0,0,84
116027,0,4,0,85
116028,0,4,0,89
116029,0,0,0,71
116030,0,0,0,71
116031,0,5,0,81
116032,0,5,0,71
116033,0,0,0,76
116034,0,0,0,75
116035,0,6,0,75
116036,0,6,0,71
116037,0,6,0,79
116038,0,6,0,76
116039,0,0,0,75
116040,0,0,0,73
116041,0,7,0,80
116042,0,7,0,70
116043,0,0,0,71
116044,0,0,0,71
116045,0,0,0,71
116046,0,0,0,74
116047,0,0,0,74
116048,0,0,0,76
116049,0,0,0,75
116050,0,0,0,74
116051,0,0,0,74
116052,0,0,0,76
116053,0,0,0,74
116054,0,0,0,70
116055,0,0,0,79
116056,0,0,0,78
116057,0,0,0,73
116058,0,0,0,69
116059,0,0,0,71
116060,0,0,0,73
116061,0,0,0,71
116062,0,0,0,75
116063,0,0,0,75
116064,0,0,0,78
116065,0,0,0,75
116066,0,0,0,72
116067,0,0,0,76
116068,0,0,0,73
116069,0,1,0,73
116070,0,1,0,68
116071,0,0,0,72
116072,0,0,0,70
116073,0,2,0,78
116074,0,2,0,91
116075,0,0,0,78
116076,0,0,0,76
116077,0,3,0,92
116078,0,3,0,80
116079,0,0,0,92
116080,0,0,0,86
116081,0,4,0,87
116082,0,4,0,78
116083,0,0,0,81
116084,0,0,0,78
116085,0,5,0,79
116086,0,5,0,81
116087,0,0,0,80
116088,0,0,0,77
116089,0,6,0,73
116090,0,6,0,68
116091,0,6,0,77
116092,0,6,0,85
116093,0,0,0,74
116094,0,0,0,72
116095,0,7,0,73
116096,0,7,0,76
116097,0,0,0,71
116098,0,0,0,72
116099,0,0,0,72
116100,0,0,0,71
116101,0,0,0,73
116102,0,0,0,72
116103,0,0,0,73
116104,0,0,0,77
116105,0,0,0,74
116106,0,0,0,74
116107,0,0,0,80
116108,0,0,0,78
117001,0,0,0,82
117002,0,0,0,75
117003,0,0,0,77
117004,0,0,0,80
117005,0,0,0,78
117006,0,0,0,80
117007,0,0,0,78
117008,0,0,0,77
117009,0,0,0,78
117010,0,0,0,81
117011,0,0,0,82
117012,0,0,0,77
117013,0,0,0,80
117014,0,0,0,81
117015,0,1,0,80
117016,0,1,0,84
117017,0,0,0,85
117018,0,0,0,81
117019,0,2,0,74
117020,0,2,0,75
117021,0,0,0,83
117022,0,0,0,82
117023,0,3,0,95
117024,0,3,0,85
117025,0,0,0,95
117026,0,0,0,84
117027,0,4,0,95
117028,0,4,0,82
117029,0,0,0,81
117030,0,0,0,80
117031,0,5,0,77
117032,0,5,0,82
117033,0,0,0,81
117034,0,0,0,78
117035,0,6,0,88
117036,0,6,0,82
117037,0,6,0,77
117038,0,6,0,81
117039,0,0,0,91
117040,0,0,0,82
117041,0,7,0,86
117042,0,7,0,77
117043,0,0,0,82
117044,0,0,0,77
117045,0,0,1,80
117046,0,0,0,74
117047,0,0,0,75
117048,0,0,0,84
117049,0,0,0,81
117050,0,0,0,79
117051,0,0,0,83
117052,0,0,0,80
117053,0,0,0,81
117054,0,0,0,82
117055,0,0,0,88
117056,0,0,0,88
117057,0,0,0,83
117058,0,0,0,83
117059,0,0,0,76
117060,0,0,0,80
117061,0,0,0,84
117062,0,0,0,81
117063,0,0,0,79
117064,0,0,0,80
117065,0,0,0,79
117066,0,0,0,88
117067,0,0,0,85
117068,0,0,0,77
117069,0,1,0,73
117070,0,1,0,76
117071,0,0,0,79
117072,0,0,0,86
117073,0,2,0,90
117074,0,2,0,78
117075,0,0,0,77
117076,0,0,0,80
117077,0,3,0,80
117078,0,3,0,83
117079,0,0,0,99
117080,0,0,0,75
117081,0,4,0,82
117082,0,4,0,83
117083,0,0,0,81
117084,0,0,0,74
117085,0,5,0,74
117086,0,5,0,74
117087,0,0,0,80
117088,0,0,1,77
117089,0,6,0,78
117090,0,6,0,82
117091,0,6,0,83
117092,0,6,0,78
117093,0,0,0,84
117094,0,0,0,87
117095,0,7,0,78
117096,0,7,0,84
117097,0,0,0,79
117098,0,0,0,86
117099,0,0,0,80
117100,0,0,0,76
117101,0,0,0,83
117102,0,0,0,84
117103,0,0,0,84
117104,0,0,0,84
117105,0,0,1,83
117106,0,0,0,83
117107,0,0,0,87
117108,0,0,0,79
118001,0,0,0,77
118002,0,0,0,72
118003,0,0,0,76
118004,0,0,0,78
118005,0,0,0,73
118006,0,0,0,75
118007,0,0,0,77
118008,0,0,0,73
118009,0,0,0,76
118010,0,0,0,77
118011,0,0,0,76
118012,0,0,0,78
118013,0,0,0,78
118014,0,0,0,77
118015,0,1,0,75
118016,0,1,0,74
118017,0,0,0,77
118018,0,0,0,78
118019,0,2,1,76
118020,0,2,0,79
118021,0,0,0,81
118022,0,0,1,80
118023,0,3,0,84
118024,0,3,0,90
118025,0,0,0,82
118026,0,0,0,75
118027,0,4,0,79
118028,0,4,0,77
118029,0,0,0,72
118030,0,0,0,77
118031,0,5,0,76
118032,0,5,0,76
118033,0,0,0,79
118034,0,0,1,74
118035,0,6,0,76
118036,0,6,0,74
118037,0,6,0,76
118038,0,6,0,78
118039,0,0,0,79
118040,0,0,0,76
118041,0,7,0,76
118042,0,7,0,78
118043,0,0,0,75
118044,0,0,0,80
118045,0,0,0,79
118046,0,0,0,80
118047,0,0,0,81
118048,0,0,0,76
118049,0,0,0,81
118050,0,0,0,79
118051,0,0,0,74
118052,0,0,1,80
118053,0,0,1,78
118054,0,0,0,78
119001,0,0,0,81
119002,0,0,0,74
119003,0,0,0,71
119004,0,0,0,83
119005,0,0,1,76
119006,0,0,0,72
119007,0,0,0,69
119008,0,0,0,71
119009,0,0,0,71
119010,0,0,0,77
119011,0,0,0,71
119012,0,0,1,69
119013,0,0,1,71
119014,0,0,1,73
119015,0,1,1,76
119016,0,1,0,73
119017,0,0,0,76
119018,0,0,0,74
119019,0,2,0,72
119020,0,2,0,72
119021,0,0,0,73
119022,0,0,1,73
119023,0,3,0,99
119024,0,3,0,97
119025,0,0,0,77
119026,0,0,0,80
119027,0,4,0,86
119028,0,4,0,100
119029,0,0,0,80
119030,0,0,0,111
119031,0,5,0,120
119032,0,5,0,90
119033,0,0,0,80
119034,0,0,1,64
119035,0,6,0,68
119036,0,6,0,74
119037,0,6,0,67
119038,0,6,0,67
119039,0,0,0,74
119040,0,0,0,74
119041,0,7,0,85
119042,0,7,0,71
119043,0,0,0,74
119044,0,0,0,67
119045,0,0,0,69
119046,0,0,0,69
119047,0,0,0,69
119048,0,0,0,68
119049,0,0,0,69
119050,0,0,0,69
119051,0,0,0,70
119052,0,0,1,67
119053,0,0,0,69
119054,0,0,1,72
119055,0,0,0,74
119056,0,0,0,72
119057,0,1,0,71
119058,0,1,0,72
119059,0,0,0,68
119060,0,0,0,70
119061,0,2,0,73
119062,0,2,0,70
119063,0,0,0,71
119064,0,0,0,73
119065,0,3,0,85
119066,0,3,0,105
119067,0,0,0,79
119068,0,0,0,70
119069,0,4,0,65
119070,0,4,0,71
119071,0,0,0,74
119072,0,0,0,62
119073,0,5,0,64
119074,0,5,0,69
119075,0,0,0,81
119076,0,0,0,68
119077,0,6,0,67
119078,0,6,0,68
119079,0,6,0,68
119080,0,6,0,76
119081,0,0,0,67
119082,0,0,0,69
119083,0,7,0,88
119084,0,7,0,80
119085,0,0,0,82
119086,0,0,0,73
119087,0,0,0,82
119088,0,0,1,71
119089,0,0,0,69
119090,0,0,0,68
119091,0,0,0,69
119092,0,0,0,70
119093,0,0,0,69
119094,0,0,0,70
119095,0,0,0,69
119096,0,0,0,70
120001,0,0,0,93
120002,0,0,0,89
120003,0,0,0,89
120004,0,0,0,88
120005,0,0,0,89
120006,0,0,0,83
120007,0,0,0,85
120008,0,0,0,82
120009,0,0,1,78
120010,0,0,0,79
120011,0,0,0,88
120012,0,0,0,87
120013,0,0,0,81
120014,0,0,0,85
120015,0,1,0,83
120016,0,1,1,82
120017,0,0,0,77
120018,0,0,1,79
120019,0,2,0,81
120020,0,2,0,81
120021,0,0,1,81
120022,0,0,1,79
120023,0,3,0,86
120024,0,3,0,93
120025,0,0,0,81
120026,0,0,1,79
120027,0,4,0,81
120028,0,4,0,87
120029,0,0,0,79
120030,0,0,0,83
120031,0,5,0,86
120032,0,5,0,87
120033,0,0,0,81
120034,0,0,0,77
120035,0,6,0,76
120036,0,6,0,77
120037,0,6,0,78
120038,0,6,0,79
120039,0,0,0,81
120040,0,0,0,85
120041,0,7,0,80
120042,0,7,0,79
120043,0,0,1,75
120044,0,0,0,78
120045,0,0,1,78
120046,0,0,1,76
120047,0,0,1,78
120048,0,0,0,71
120049,0,0,1,77
120050,0,0,0,76
120051,0,0,0,78
120052,0,0,0,75
120053,0,0,0,78
120054,0,0,0,80
121001,0,0,0,76
121002,0,0,0,71
121003,0,0,0,70
121004,0,0,0,62
121005,0,0,0,63
121006,0,0,0,64
121007,0,0,0,64
121008,0,0,0,69
121009,0,0,0,65
121010,0,0,0,65
121011,0,0,0,63
121012,0,0,0,64
121013,0,0,0,65
121014,0,0,0,72
121015,0,1,0,71
121016,0,1,0,69
121017,0,0,0,68
121018,0,0,0,66
121019,0,2,0,66
121020,0,2,0,67
121021,0,0,0,66
121022,0,0,0,73
121023,0,3,0,85
121024,0,3,0,83
121025,0,0,0,79
121026,0,0,0,75
121027,0,4,0,84
121028,0,4,0,67
121029,0,0,0,63
121030,0,0,0,67
121031,0,5,0,70
121032,0,5,0,69
121033,0,0,0,63
121034,0,0,0,70
121035,0,6,0,69
121036,0,6,0,70
121037,0,6,0,68
121038,0,6,0,67
121039,0,0,0,65
121040,0,0,1,64
121041,0,7,0,73
121042,0,7,0,76
121043,0,0,0,72
121044,0,0,0,66
121045,0,0,0,65
121046,0,0,0,66
121047,0,0,0,66
121048,0,0,0,71
121049,0,0,0,68
121050,0,0,0,71
121051,0,0,0,72
121052,0,0,0,68
121053,0,0,0,69
121054,0,0,0,68
121055,0,0,0,67
121056,0,0,0,70
121057,0,1,0,75
121058,0,1,0,75
121059,0,0,0,77
121060,0,0,0,69
121061,0,2,0,73
121062,0,2,0,74
121063,0,0,0,76
121064,0,0,0,72
121065,0,3,0,85
121066,0,3,0,87
121067,0,0,0,83
121068,0,0,0,78
121069,0,4,0,87
121070,0,4,0,77
121071,0,0,0,65
121072,0,0,0,71
121073,0,5,0,78
121074,0,5,0,81
121075,0,0,0,68
121076,0,0,0,66
121077,0,6,0,71
121078,0,6,0,69
121079,0,6,0,68
121080,0,6,0,71
121081,0,0,0,72
121082,0,0,0,68
121083,0,7,0,71
121084,0,7,0,73
121085,0,0,0,71
121086,0,0,0,69
121087,0,0,0,66
121088,0,0,0,65
121089,0,0,0,66
121090,0,0,0,69
121091,0,0,0,68
121092,0,0,0,67
121093,0,0,0,68
121094,0,0,0,67
121095,0,0,0,69
121096,0,0,0,71
122001,0,0,0,76
122002,0,0,0,74
122003,0,0,0,73
122004,0,0,0,72
122005,0,0,0,72
122006,0,0,0,72
122007,0,0,0,72
122008,0,0,0,73
122009,0,0,0,74
122010,0,0,0,73
122011,0,0,0,74
122012,0,0,0,73
122013,0,0,0,72
122014,0,0,1,73
122015,0,1,0,75
122016,0,1,0,72
122017,0,0,0,73
122018,0,0,0,74
122019,0,2,0,73
122020,0,2,0,73
122021,0,0,0,74
122022,0,0,0,75
122023,0,3,0,80
122024,0,3,0,80
122025,0,0,0,76
122026,0,0,0,77
122027,0,4,0,80
122028,0,4,0,83
122029,0,0,0,75
122030,0,0,0,76
122031,0,5,0,78
122032,0,5,0,83
122033,0,0,0,76
122034,0,0,0,74
122035,0,6,0,74
122036,0,6,0,72
122037,0,6,0,72
122038,0,6,0,72
122039,0,0,1,73
122040,0,0,0,76
122041,0,7,0,77
122042,0,7,0,82
122043,0,0,0,81
122044,0,0,0,75
122045,0,0,1,75
122046,0,0,0,75
122047,0,0,0,75
122048,0,0,1,75
122049,0,0,0,76
122050,0,0,0,75
122051,0,0,0,75
122052,0,0,0,75
122053,0,0,0,74
122054,0,0,0,75
122055,0,0,0,77
122056,0,0,0,75
122057,0,0,0,75
122058,0,0,0,74
122059,0,0,0,74
122060,0,0,0,72
122061,0,0,0,73
122062,0,0,0,73
122063,0,0,0,73
122064,0,0,0,73
122065,0,0,0,74
122066,0,0,0,73
122067,0,0,1,75
122068,0,0,0,75
122069,0,1,0,74
122070,0,1,0,75
122071,0,0,0,74
122072,0,0,0,74
122073,0,2,0,74
122074,0,2,0,75
122075,0,0,0,75
122076,0,0,0,74
122077,0,3,0,76
122078,0,3,0,83
122079,0,0,0,82
122080,0,0,0,83
122081,0,4,0,78
122082,0,4,0,83
122083,0,0,0,83
122084,0,0,0,78
122085,0,5,0,77
122086,0,5,0,82
122087,0,0,0,83
122088,0,0,0,78
122089,0,6,0,75
122090,0,6,0,74
122091,0,6,0,75
122092,0,6,0,73
122093,0,0,0,75
122094,0,0,0,76
122095,0,7,0,79
122096,0,7,0,80
122097,0,0,0,80
122098,0,0,0,76
122099,0,0,0,74
122100,0,0,0,74
122101,0,0,0,75
122102,0,0,0,75
122103,0,0,0,74
122104,0,0,0,75
122105,0,0,0,74
122106,0,0,0,73
122107,0,0,0,74
122108,0,0,0,75
123001,0,0,0,76
123002,0,0,0,62
123003,0,0,1,59
123004,0,0,0,60
123005,0,0,0,62
123006,0,0,0,62
123007,0,0,0,63
123008,0,0,0,62
123009,0,0,0,63
123010,0,0,0,64
123011,0,0,0,64
123012,0,0,0,65
123013,0,0,0,63
123014,0,0,0,64
123015,0,1,0,65
123016,0,1,0,65
123017,0,0,0,65
123018,0,0,0,67
123019,0,2,0,66
123020,0,2,0,64
123021,0,0,0,65
123022,0,0,0,67
123023,0,3,0,67
123024,0,3,0,80
123025,0,0,0,70
123026,0,0,0,68
123027,0,4,0,67
123028,0,4,0,78
123029,0,0,0,68
123030,0,0,0,64
123031,0,5,0,66
123032,0,5,0,77
123033,0,0,0,76
123034,0,0,0,65
123035,0,6,0,64
123036,0,6,0,63
123037,0,6,0,64
123038,0,6,0,64
123039,0,0,0,65
123040,0,0,0,67
123041,0,7,0,66
123042,0,7,0,67
123043,0,0,0,64
123044,0,0,0,63
123045,0,0,0,63
123046,0,0,0,62
123047,0,0,0,63
123048,0,0,0,64
123049,0,0,0,67
123050,0,0,1,65
123051,0,0,1,63
123052,0,0,0,64
123053,0,0,1,64
123054,0,0,0,61
123055,0,0,0,67
123056,0,0,0,63
123057,0,0,0,62
123058,0,0,0,65
123059,0,0,1,65
123060,0,0,0,68
123061,0,0,1,66
123062,0,0,0,64
123063,0,0,0,64
123064,0,0,1,66
123065,0,0,1,64
123066,0,0,1,63
123067,0,0,0,64
123068,0,0,0,65
123069,0,1,0,64
123070,0,1,1,64
123071,0,0,0,63
123072,0,0,0,65
123073,0,2,0,66
123074,0,2,0,70
123075,0,0,0,68
123076,0,0,0,65
123077,0,3,0,66
123078,0,3,0,75
123079,0,0,0,68
123080,0,0,0,65
123081,0,4,0,64
123082,0,4,0,76
123083,0,0,0,75
123084,0,0,0,66
123085,0,5,0,61
123086,0,5,0,74
123087,0,0,0,75
123088,0,0,0,66
123089,0,6,0,60
123090,0,6,0,60
123091,0,6,0,63
123092,0,6,0,63
123093,0,0,0,63
123094,0,0,1,65
123095,0,7,0,62
123096,0,7,0,63
123097,0,0,0,62
123098,0,0,0,63
123099,0,0,0,61
123100,0,0,0,60
123101,0,0,0,62
123102,0,0,0,63
123103,0,0,0,62
123104,0,0,0,62
123105,0,0,0,62
123106,0,0,0,62
123107,0,0,0,63
123108,0,0,0,63
124001,0,0,1,75
124002,0,0,1,71
124003,0,0,0,70
124004,0,0,1,65
124005,0,0,1,65
124006,0,0,1,64
124007,0,0,0,69
124008,0,0,0,68
124009,0,0,0,72
124010,0,0,1,72
124011,0,0,0,71
124012,0,0,0,72
124013,0,0,0,71
124014,0,0,0,76
124015,0,1,0,78
124016,0,1,0,76
124017,0,0,0,76
124018,0,0,0,81
124019,0,2,0,74
124020,0,2,0,69
124021,0,0,0,69
124022,0,0,0,75
124023,0,3,0,85
124024,0,3,0,97
124025,0,0,0,98
124026,0,0,0,98
124027,0,4,0,82
124028,0,4,0,96
124029,0,0,0,86
124030,0,0,0,78
124031,0,5,0,80
124032,0,5,0,111
124033,0,0,0,100
124034,0,0,0,79
124035,0,6,0,70
124036,0,6,0,63
124037,0,6,0,66
124038,0,6,0,67
124039,0,0,0,66
124040,0,0,0,81
124041,0,7,0,77
124042,0,7,0,77
124043,0,0,1,67
124044,0,0,0,66
124045,0,0,0,65
124046,0,0,1,65
124047,0,0,0,68
124048,0,0,0,72
124049,0,0,0,72
124050,0,0,0,70
124051,0,0,0,72
124052,0,0,0,75
124053,0,0,0,74
124054,0,0,0,76
124055,0,0,0,72
124056,0,0,0,65
124057,0,0,0,63
124058,0,0,0,63
124059,0,0,0,67
124060,0,0,0,64
124061,0,0,0,65
124062,0,0,0,66
124063,0,0,0,67
124064,0,0,0,68
124065,0,0,0,70
124066,0,0,0,71
124067,0,0,0,72
124068,0,0,0,74
124069,0,1,0,71
124070,0,1,0,68
124071,0,0,0,69
124072,0,0,0,71
124073,0,2,0,71
124074,0,2,0,67
124075,0,0,0,66
124076,0,0,0,72
124077,0,3,0,85
124078,0,3,0,102
124079,0,0,0,84
124080,0,0,0,70
124081,0,4,0,69
124082,0,4,0,88
124083,0,0,0,82
124084,0,0,0,69
124085,0,5,0,70
124086,0,5,0,86
124087,0,0,0,91
124088,0,0,0,72
124089,0,6,0,65
124090,0,6,0,69
124091,0,6,0,67
124092,0,6,0,74
124093,0,0,0,76
124094,0,0,1,71
124095,0,7,0,78
124096,0,7,0,79
124097,0,0,0,72
124098,0,0,0,73
124099,0,0,1,70
124100,0,0,1,70
124101,0,0,1,72
124102,0,0,0,70
124103,0,0,0,73
124104,0,0,0,71
124105,0,0,0,70
124106,0,0,1,68
124107,0,0,0,69
124108,0,0,0,69
125001,0,0,0,74
125002,0,0,0,71
125003,0,0,0,66
125004,0,0,1,75
125005,0,0,1,66
125006,0,0,1,64
125007,0,0,1,63
125008,0,0,0,63
125009,0,0,1,63
125010,0,0,1,60
125011,0,0,1,61
125012,0,0,0,64
125013,0,0,1,64
125014,0,0,1,62
125015,0,1,0,65
125016,0,1,1,67
125017,0,0,1,66
125018,0,0,0,66
125019,0,2,0,66
125020,0,2,0,68
125021,0,0,0,70
125022,0,0,0,67
125023,0,3,0,68
125024,0,3,0,81
125025,0,0,0,82
125026,0,0,1,83
125027,0,4,0,76
125028,0,4,0,87
125029,0,0,0,90
125030,0,0,0,83
125031,0,5,0,77
125032,0,5,0,86
125033,0,0,0,89
125034,0,0,0,77
125035,0,6,1,74
125036,0,6,0,71
125037,0,6,0,68
125038,0,6,0,67
125039,0,0,0,69
125040,0,0,0,67
125041,0,7,0,70
125042,0,7,0,77
125043,0,0,1,78
125044,0,0,1,68
125045,0,0,1,65
125046,0,0,1,67
125047,0,0,1,64
125048,0,0,0,67
125049,0,0,1,63
125050,0,0,1,63
125051,0,0,1,63
125052,0,0,1,66
125053,0,0,1,65
125054,0,0,1,66
125055,0,0,0,71
125056,0,0,0,65
125057,0,0,0,66
125058,0,0,0,65
125059,0,0,0,65
125060,0,0,1,64
125061,0,0,1,65
125062,0,0,0,67
125063,0,0,1,65
125064,0,0,1,63
125065,0,0,0,64
125066,0,0,0,65
125067,0,0,1,63
125068,0,0,0,63
125069,0,1,0,65
125070,0,1,0,69
125071,0,0,0,67
125072,0,0,0,66
125073,0,2,0,66
125074,0,2,0,69
125075,0,0,0,71
125076,0,0,0,67
125077,0,3,0,67
125078,0,3,0,83
125079,0,0,0,84
125080,0,0,1,80
125081,0,4,0,75
125082,0,4,0,86
125083,0,0,0,88
125084,0,0,0,78
125085,0,5,0,77
125086,0,5,0,85
125087,0,0,1,85
125088,0,0,0,74
125089,0,6,0,70
125090,0,6,0,69
125091,0,6,0,73
125092,0,6,0,72
125093,0,0,0,70
125094,0,0,0,73
125095,0,7,0,74
125096,0,7,0,79
125097,0,0,0,80
125098,0,0,1,72
125099,0,0,1,71
125100,0,0,1,69
125101,0,0,1,69
125102,0,0,1,66
125103,0,0,0,69
125104,0,0,1,73
125105,0,0,1,69
125106,0,0,1,67
125107,0,0,1,65
125108,0,0,0,68
126001,0,0,0,105
126002,0,0,0,110
126003,0,0,0,108
126004,0,0,1,104
126005,0,0,0,101
126006,0,0,1,101
126007,0,0,1,102
126008,0,0,1,103
126009,0,0,1,101
126010,0,0,0,104
126011,0,0,1,105
126012,0,0,0,107
126013,0,0,0,104
126014,0,0,1,101
126015,0,1,1,101
126016,0,1,1,104
126017,0,0,1,102
126018,0,0,1,103
126019,0,2,0,103
126020,0,2,0,103
126021,0,0,0,99
126022,0,0,1,104
126023,0,3,0,104
126024,0,3,0,116
126025,0,0,0,117
126026,0,0,0,112
126027,0,4,0,110
126028,0,4,0,123
126029,0,0,0,128
126030,0,0,0,124
126031,0,5,0,117
126032,0,5,0,118
126033,0,0,0,116
126034,0,0,0,110
126035,0,6,0,109
126036,0,6,0,112
126037,0,6,0,106
126038,0,6,0,109
126039,0,0,0,108
126040,0,0,0,110
126041,0,7,0,108
126042,0,7,0,105
126043,0,0,1,104
126044,0,0,0,104
126045,0,0,1,103
126046,0,0,0,106
126047,0,0,1,104
126048,0,0,0,104
126049,0,0,1,101
126050,0,0,1,101
126051,0,0,0,102
126052,0,0,1,102
126053,0,0,1,100
126054,0,0,0,94
126055,0,0,0,102
126056,0,0,0,102
126057,0,1,0,102
126058,0,1,0,96
126059,0,0,0,98
126060,0,0,0,101
126061,0,2,0,101
126062,0,2,0,102
126063,0,0,0,100
126064,0,0,0,104
126065,0,3,0,109
126066,0,3,0,117
126067,0,0,0,113
126068,0,0,0,115
126069,0,4,0,112
126070,0,4,0,123
126071,0,0,0,120
126072,0,0,1,117
126073,0,5,0,113
126074,0,5,0,111
126075,0,0,0,112
126076,0,0,0,108
126077,0,6,0,108
126078,0,6,0,104
126079,0,6,0,104
126080,0,6,0,107
126081,0,0,0,109
126082,0,0,0,113
126083,0,7,0,107
126084,0,7,0,108
126085,0,0,0,111
126086,0,0,0,105
126087,0,0,0,100
126088,0,0,0,103
126089,0,0,0,105
126090,0,0,1,103
126091,0,0,1,103
126092,0,0,0,103
126093,0,0,1,103
126094,0,0,0,104
126095,0,0,1,107
126096,0,0,0,103
127001,0,0,0,86
127002,0,0,0,87
127003,0,0,0,95
127004,0,0,0,80
127005,0,0,0,89
127006,0,0,0,92
127007,0,0,0,91
127008,0,0,0,85
127009,0,0,0,86
127010,0,0,0,88
127011,0,0,0,87
127012,0,0,0,92
127013,0,0,0,86
127014,0,0,0,87
127015,0,1,0,88
127016,0,1,0,90
127017,0,0,0,92
127018,0,0,0,92
127019,0,2,0,91
127020,0,2,0,91
127021,0,0,0,93
127022,0,0,0,97
127023,0,3,0,92
127024,0,3,0,108
127025,0,0,0,110
127026,0,0,0,102
127027,0,4,0,88
127028,0,4,0,101
127029,0,0,0,99
127030,0,0,0,96
127031,0,5,0,92
127032,0,5,0,113
127033,0,0,0,116
127034,0,0,0,108
127035,0,6,0,94
127036,0,6,0,85
127037,0,6,0,82
127038,0,6,0,84
127039,0,0,0,86
127040,0,0,0,94
127041,0,7,0,100
127042,0,7,0,98
127043,0,0,0,102
127044,0,0,0,93
127045,0,0,0,98
127046,0,0,0,91
127047,0,0,0,88
127048,0,0,0,94
127049,0,0,1,87
127050,0,0,0,92
127051,0,0,0,89
127052,0,0,0,91
127053,0,0,0,92
127054,0,0,0,90
127055,0,0,0,92
127056,0,0,1,88
127057,0,0,1,83
127058,0,0,1,84
127059,0,0,1,80
127060,0,0,1,85
127061,0,0,1,89
127062,0,0,1,86
127063,0,0,1,87
127064,0,0,1,87
127065,0,0,1,84
127066,0,0,1,88
127067,0,0,1,91
127068,0,0,0,89
127069,0,1,0,88
127070,0,1,1,86
127071,0,0,0,89
127072,0,0,0,89
127073,0,2,1,91
127074,0,2,0,93
127075,0,0,0,91
127076,0,0,0,84
127077,0,3,0,96
127078,0,3,0,112
127079,0,0,0,107
127080,0,0,1,90
127081,0,4,0,96
127082,0,4,0,101
127083,0,0,0,102
127084,0,0,0,99
127085,0,5,0,99
127086,0,5,0,110
127087,0,0,0,104
127088,0,0,0,94
127089,0,6,0,95
127090,0,6,0,93
127091,0,6,0,91
127092,0,6,0,93
127093,0,0,0,91
127094,0,0,0,96
127095,0,7,0,98
127096,0,7,0,100
127097,0,0,0,97
127098,0,0,0,87
127099,0,0,0,90
127100,0,0,0,91
127101,0,0,0,88
127102,0,0,0,94
127103,0,0,0,92
127104,0,0,0,90
127105,0,0,0,90
127106,0,0,0,90
127107,0,0,0,93
127108,0,0,0,92
128001,0,0,0,77
128002,0,0,0,82
128003,0,0,0,79
128004,0,0,0,72
128005,0,0,0,72
128006,0,0,0,73
128007,0,0,0,72
128008,0,0,0,73
128009,0,0,0,75
128010,0,0,0,68
128011,0,0,0,70
128012,0,0,0,74
128013,0,0,0,76
128014,0,0,0,75
128015,0,1,0,74
128016,0,1,0,70
128017,0,0,0,74
128018,0,0,0,71
128019,0,2,0,75
128020,0,2,0,70
128021,0,0,0,71
128022,0,0,0,78
128023,0,3,0,99
128024,0,3,0,104
128025,0,0,0,93
128026,0,0,0,73
128027,0,4,0,84
128028,0,4,0,93
128029,0,0,0,79
128030,0,0,0,68
128031,0,5,0,91
128032,0,5,0,104
128033,0,0,0,74
128034,0,0,0,69
128035,0,6,0,75
128036,0,6,0,65
128037,0,6,0,65
128038,0,6,0,68
128039,0,0,0,73
128040,0,0,0,71
128041,0,7,0,78
128042,0,7,0,79
128043,0,0,0,72
128044,0,0,0,68
128045,0,0,0,66
128046,0,0,0,65
128047,0,0,0,68
128048,0,0,0,66
128049,0,0,0,68
128050,0,0,1,67
128051,0,0,1,69
128052,0,0,0,68
128053,0,0,0,69
128054,0,0,0,70
128055,0,0,0,68
128056,0,0,0,66
128057,0,0,0,65
128058,0,0,0,66
128059,0,0,0,66
128060,0,0,0,65
128061,0,0,0,64
128062,0,0,0,70
128063,0,0,0,68
128064,0,0,0,64
128065,0,0,0,67
128066,0,0,0,70
128067,0,0,0,72
128068,0,0,0,66
128069,0,1,0,67
128070,0,1,0,69
128071,0,0,0,70
128072,0,0,0,69
128073,0,2,0,69
128074,0,2,0,66
128075,0,0,0,71
128076,0,0,0,76
128077,0,3,0,94
128078,0,3,0,102
128079,0,0,0,88
128080,0,0,0,77
128081,0,4,0,87
128082,0,4,0,90
128083,0,0,0,77
128084,0,0,0,67
128085,0,5,0,98
128086,0,5,0,104
128087,0,0,0,81
128088,0,0,0,66
128089,0,6,0,67
128090,0,6,0,65
128091,0,6,0,68
128092,0,6,0,74
128093,0,0,0,75
128094,0,0,0,75
128095,0,7,0,78
128096,0,7,0,80
128097,0,0,0,68
128098,0,0,0,68
128099,0,0,0,72
128100,0,0,0,76
128101,0,0,0,71
128102,0,0,0,72
128103,0,0,0,71
128104,0,0,0,71
128105,0,0,0,70
128106,0,0,0,72
128107,0,0,0,71
128108,0,0,0,72
129001,0,0,0,78
129002,0,0,0,81
129003,0,0,0,77
129004,0,0,0,76
129005,0,0,0,77
129006,0,0,0,81
129007,0,0,0,80
129008,0,0,0,79
129009,0,0,0,80
129010,0,0,0,81
129011,0,0,0,78
129012,0,0,0,80
129013,0,0,0,80
129014,0,0,0,80
129015,0,1,0,79
129016,0,1,0,78
129017,0,0,0,78
129018,0,0,0,78
129019,0,2,0,81
129020,0,2,0,82
129021,0,0,0,84
129022,0,0,0,81
129023,0,3,0,87
129024,0,3,0,95
129025,0,0,0,91
129026,0,0,0,79
129027,0,4,0,82
129028,0,4,0,81
129029,0,0,0,80
129030,0,0,0,81
129031,0,5,0,90
129032,0,5,0,91
129033,0,0,0,80
129034,0,0,0,75
129035,0,6,0,76
129036,0,6,0,77
129037,0,6,0,77
129038,0,6,0,76
129039,0,0,0,78
129040,0,0,0,83
129041,0,7,0,81
129042,0,7,0,82
129043,0,0,0,80
129044,0,0,0,75
129045,0,0,0,71
129046,0,0,0,73
129047,0,0,0,79
129048,0,0,1,80
129049,0,0,1,78
129050,0,0,0,78
129051,0,0,0,80
129052,0,0,0,80
129053,0,0,0,80
129054,0,0,0,75
129055,0,0,0,77
129056,0,0,0,75
129057,0,0,1,77
129058,0,0,0,76
129059,0,0,0,79
129060,0,0,0,75
129061,0,0,0,72
129062,0,0,0,75
129063,0,0,0,74
129064,0,0,0,71
129065,0,0,0,75
129066,0,0,0,76
129067,0,0,0,79
129068,0,0,0,73
129069,0,1,0,75
129070,0,1,0,74
129071,0,0,0,75
129072,0,0,0,76
129073,0,2,0,77
129074,0,2,0,77
129075,0,0,0,80
129076,0,0,0,78
129077,0,3,0,86
129078,0,3,0,97
129079,0,0,0,86
129080,0,0,0,78
129081,0,4,0,83
129082,0,4,0,81
129083,0,0,0,79
129084,0,0,0,76
129085,0,5,0,85
129086,0,5,0,85
129087,0,0,0,80
129088,0,0,0,81
129089,0,6,0,81
129090,0,6,0,73
129091,0,6,0,77
129092,0,6,0,76
129093,0,0,0,83
129094,0,0,0,81
129095,0,7,0,77
129096,0,7,0,80
129097,0,0,0,76
129098,0,0,0,81
129099,0,0,0,75
129100,0,0,0,73
129101,0,0,0,76
129102,0,0,0,80
129103,0,0,0,80
129104,0,0,0,76
129105,0,0,0,73
129106,0,0,0,75
129107,0,0,0,74
129108,0,0,0,74
130001,0,0,0,78
130002,0,0,0,78
130003,0,0,0,75
130004,0,0,0,74
130005,0,0,0,76
130006,0,0,0,76
130007,0,0,0,79
130008,0,0,0,84
130009,0,0,0,79
130010,0,0,0,81
130011,0,0,0,78
130012,0,0,0,83
130013,0,0,0,86
130014,0,0,0,84
130015,0,1,0,82
130016,0,1,0,82
130017,0,0,0,79
130018,0,0,0,81
130019,0,2,0,77
130020,0,2,0,81
130021,0,0,0,82
130022,0,0,0,81
130023,0,3,0,94
130024,0,3,0,104
130025,0,0,0,93
130026,0,0,0,83
130027,0,4,0,92
130028,0,4,0,111
130029,0,0,0,97
130030,0,0,0,84
130031,0,5,0,98
130032,0,5,0,109
130033,0,0,0,95
130034,0,0,0,89
130035,0,6,0,80
130036,0,6,0,80
130037,0,6,0,81
130038,0,6,0,82
130039,0,0,0,82
130040,0,0,0,84
130041,0,7,0,83
130042,0,7,0,88
130043,0,0,0,87
130044,0,0,0,85
130045,0,0,0,84
130046,0,0,0,82
130047,0,0,1,82
130048,0,0,1,81
130049,0,0,1,80
130050,0,0,1,81
130051,0,0,0,82
130052,0,0,0,85
130053,0,0,0,85
130054,0,0,0,83
130055,0,0,0,75
130056,0,0,0,69
130057,0,0,1,68
130058,0,0,0,74
130059,0,0,0,74
130060,0,0,0,78
130061,0,0,0,75
130062,0,0,0,73
130063,0,0,0,73
130064,0,0,0,75
130065,0,0,0,77
130066,0,0,1,81
130067,0,0,0,77
130068,0,0,1,77
130069,0,1,0,79
130070,0,1,0,76
130071,0,0,0,76
130072,0,0,0,76
130073,0,2,0,77
130074,0,2,0,76
130075,0,0,0,80
130076,0,0,0,80
130077,0,3,0,91
130078,0,3,0,99
130079,0,0,0,85
130080,0,0,0,80
130081,0,4,0,83
130082,0,4,0,102
130083,0,0,0,96
130084,0,0,0,83
130085,0,5,0,89
130086,0,5,0,92
130087,0,0,0,85
130088,0,0,0,86
130089,0,6,0,72
130090,0,6,0,75
130091,0,6,0,76
130092,0,6,0,74
130093,0,0,0,76
130094,0,0,0,82
130095,0,7,0,83
130096,0,7,0,85
130097,0,0,0,85
130098,0,0,1,73
130099,0,0,0,81
130100,0,0,1,81
130101,0,0,0,81
130102,0,0,0,80
130103,0,0,0,81
130104,0,0,0,81
130105,0,0,0,77
130106,0,0,0,71
130107,0,0,0,73
130108,0,0,0,76
131001,0,0,0,90
131002,0,0,0,86
131003,0,0,0,86
131004,0,0,0,87
131005,0,0,0,86
131006,0,0,0,87
131007,0,0,0,86
131008,0,0,0,94
131009,0,0,0,81
131010,0,0,0,83
131011,0,0,0,86
131012,0,0,0,87
131013,0,0,0,90
131014,0,0,1,90
131015,0,1,0,92
131016,0,1,1,81
131017,0,0,0,84
131018,0,0,0,86
131019,0,2,0,82
131020,0,2,0,93
131021,0,0,0,86
131022,0,0,1,87
131023,0,3,0,101
131024,0,3,0,103
131025,0,0,1,101
131026,0,0,1,96
131027,0,4,0,101
131028,0,4,0,101
131029,0,0,0,103
131030,0,0,0,85
131031,0,5,0,107
131032,0,5,0,114
131033,0,0,1,100
131034,0,0,0,93
131035,0,6,0,87
131036,0,6,0,89
131037,0,6,0,89
131038,0,6,0,93
131039,0,0,0,90
131040,0,0,1,90
131041,0,7,0,99
131042,0,7,0,101
131043,0,0,0,96
131044,0,0,0,90
131045,0,0,0,82
131046,0,0,0,82
131047,0,0,0,92
131048,0,0,0,91
131049,0,0,0,89
131050,0,0,0,76
131051,0,0,0,85
131052,0,0,0,90
131053,0,0,0,89
131054,0,0,0,88
131055,0,0,1,86
131056,0,0,1,87
131057,0,0,0,84
131058,0,0,1,85
131059,0,0,1,89
131060,0,0,0,85
131061,0,0,1,83
131062,0,0,1,79
131063,0,0,1,78
131064,0,0,1,79
131065,0,0,1,83
131066,0,0,1,79
131067,0,0,1,82
131068,0,0,1,82
131069,0,1,0,78
131070,0,1,1,79
131071,0,0,0,81
131072,0,0,0,80
131073,0,2,0,79
131074,0,2,0,78
131075,0,0,0,84
131076,0,0,1,88
131077,0,3,0,107
131078,0,3,0,103
131079,0,0,0,99
131080,0,0,0,96
131081,0,4,0,99
131082,0,4,0,100
131083,0,0,0,104
131084,0,0,0,84
131085,0,5,0,88
131086,0,5,0,100
131087,0,0,0,93
131088,0,0,1,88
131089,0,6,0,83
131090,0,6,0,81
131091,0,6,0,77
131092,0,6,0,79
131093,0,0,0,90
131094,0,0,0,95
131095,0,7,0,92
131096,0,7,0,87
131097,0,0,1,85
131098,0,0,1,85
131099,0,0,0,87
131100,0,0,0,86
131101,0,0,0,84
131102,0,0,0,91
131103,0,0,0,91
131104,0,0,0,91
131105,0,0,0,92
131106,0,0,1,87
131107,0,0,1,91
131108,0,0,0,87
132001,1,0,0,102
132002,1,0,0,88
132003,1,0,0,76
132004,1,0,1,77
132005,1,0,1,75
132006,1,0,1,73
132007,1,0,0,76
132008,1,0,1,73
132009,1,0,1,81
132010,1,0,0,82
132011,1,0,0,74
132012,1,0,1,82
132013,1,0,1,72
132014,1,0,1,80
132015,1,1,1,72
132016,1,1,0,73
132017,1,0,0,77
132018,1,0,0,83
132019,1,2,0,80
132020,1,2,0,70
132021,1,0,0,75
132022,1,0,0,82
132023,1,3,0,74
132024,1,3,0,78
132025,1,0,0,102
132026,1,0,0,99
132027,1,4,0,88
132028,1,4,0,83
132029,1,0,0,89
132030,1,0,0,91
132031,1,5,0,100
132032,1,5,0,93
132033,1,0,0,96
132034,1,0,0,110
132035,1,6,0,80
132036,1,6,0,88
132037,1,6,0,72
132038,1,6,0,76
132039,1,0,0,75
132040,1,0,0,76
132041,1,7,0,75
132042,1,7,0,85
132043,1,0,0,79
132044,1,0,0,90
132045,1,0,0,93
132046,1,0,0,88
132047,1,0,0,81
132048,1,0,0,86
132049,1,0,1,79
132050,1,0,0,77
132051,1,0,0,75
132052,1,0,1,72
132053,1,0,1,76
132054,1,0,1,74
132055,1,0,0,102
132056,1,0,0,83
132057,1,0,1,79
132058,1,0,0,75
132059,1,0,1,76
132060,1,0,1,72
132061,1,0,1,74
132062,1,0,1,72
132063,1,0,0,72
132064,1,0,1,72
132065,1,0,1,78
132066,1,0,0,72
132067,1,0,0,76
132068,1,0,1,74
132069,1,1,0,68
132070,1,1,0,69
132071,1,0,0,73
132072,1,0,0,76
132073,1,2,0,75
132074,1,2,0,73
132075,1,0,1,76
132076,1,0,0,81
132077,1,3,0,72
132078,1,3,1,71
132079,1,0,0,92
132080,1,0,0,94
132081,1,4,0,84
132082,1,4,0,79
132083,1,0,0,92
132084,1,0,0,99
132085,1,5,0,95
132086,1,5,0,71
132087,1,0,0,100
132088,1,0,0,107
132089,1,6,0,95
132090,1,6,0,79
132091,1,6,0,92
132092,1,6,0,73
132093,1,0,0,75
132094,1,0,0,73
132095,1,7,0,80
132096,1,7,0,89
132097,1,0,0,80
132098,1,0,0,99
132099,1,0,0,79
132100,1,0,0,81
132101,1,0,1,76
132102,1,0,0,76
132103,1,0,0,77
132104,1,0,1,74
132105,1,0,0,81
132106,1,0,0,70
132107,1,0,0,71
132108,1,0,0,82
133001,1,0,0,69
133002,1,0,1,62
133003,1,0,1,60
133004,1,0,1,56
133005,1,0,1,57
133006,1,0,1,56
133007,1,0,1,54
133008,1,0,1,55
133009,1,0,1,55
133010,1,0,1,54
133011,1,0,1,53
133012,1,0,1,56
133013,1,0,1,54
133014,1,0,1,53
133015,1,1,1,54
133016,1,1,1,54
133017,1,0,0,55
133018,1,0,1,54
133019,1,2,0,53
133020,1,2,0,55
133021,1,0,0,54
133022,1,0,0,55
133023,1,3,1,57
133024,1,3,1,55
133025,1,0,0,74
133026,1,0,0,63
133027,1,4,1,65
133028,1,4,1,57
133029,1,0,1,57
133030,1,0,1,58
133031,1,5,1,59
133032,1,5,1,56
133033,1,0,1,64
133034,1,0,1,67
133035,1,6,1,58
133036,1,6,0,55
133037,1,6,1,55
133038,1,6,0,55
133039,1,0,0,51
133040,1,0,0,53
133041,1,7,0,54
133042,1,7,1,55
133043,1,0,1,58
133044,1,0,1,62
133045,1,0,1,60
133046,1,0,1,58
133047,1,0,1,57
133048,1,0,1,58
133049,1,0,1,57
133050,1,0,1,57
133051,1,0,1,54
133052,1,0,1,54
133053,1,0,1,55
133054,1,0,1,54
133055,1,0,0,73
133056,1,0,1,61
133057,1,0,1,60
133058,1,0,1,57
133059,1,0,1,56
133060,1,0,1,53
133061,1,0,0,57
133062,1,0,1,56
133063,1,0,1,56
133064,1,0,1,56
133065,1,0,0,55
133066,1,0,0,55
133067,1,0,1,56
133068,1,0,1,54
133069,1,1,1,55
133070,1,1,0,54
133071,1,0,1,57
133072,1,0,0,58
133073,1,2,1,59
133074,1,2,0,58
133075,1,0,1,57
133076,1,0,0,56
133077,1,3,1,59
133078,1,3,0,69
133079,1,0,0,75
133080,1,0,0,65
133081,1,4,1,61
133082,1,4,0,61
133083,1,0,0,63
133084,1,0,1,63
133085,1,5,1,60
133086,1,5,1,62
133087,1,0,0,76
133088,1,0,0,64
133089,1,6,0,57
133090,1,6,1,56
133091,1,6,0,53
133092,1,6,0,53
133093,1,0,0,54
133094,1,0,0,53
133095,1,7,1,53
133096,1,7,1,56
133097,1,0,0,62
133098,1,0,1,63
133099,1,0,0,61
133100,1,0,1,60
133101,1,0,1,60
133102,1,0,1,60
133103,1,0,0,57
133104,1,0,1,55
133105,1,0,1,56
133106,1,0,1,55
133107,1,0,1,54
133108,1,0,1,56
134001,1,0,0,92
134002,1,0,0,91
134003,1,0,0,66
134004,1,0,1,72
134005,1,0,0,65
134006,1,0,0,60
134007,1,0,0,61
134008,1,0,0,57
134009,1,0,0,63
134010,1,0,0,59
134011,1,0,0,59
134012,1,0,0,61
134013,1,0,0,63
134014,1,0,0,66
134015,1,1,0,75
134016,1,1,0,65
134017,1,0,0,67
134018,1,0,0,63
134019,1,2,0,63
134020,1,2,0,63
134021,1,0,0,61
134022,1,0,0,63
134023,1,3,0,69
134024,1,3,0,77
134025,1,0,0,94
134026,1,0,0,92
134027,1,4,0,97
134028,1,4,0,74
134029,1,0,0,78
134030,1,0,0,87
134031,1,5,0,86
134032,1,5,0,76
134033,1,0,0,94
134034,1,0,0,112
134035,1,6,0,95
134036,1,6,0,74
134037,1,6,0,57
134038,1,6,0,57
134039,1,0,0,56
134040,1,0,0,58
134041,1,7,0,65
134042,1,7,0,74
134043,1,0,0,77
134044,1,0,0,88
134045,1,0,0,72
134046,1,0,0,61
134047,1,0,0,60
134048,1,0,0,59
134049,1,0,0,60
134050,1,0,0,60
134051,1,0,1,55
134052,1,0,0,56
134053,1,0,0,57
134054,1,0,1,56
134055,1,0,0,85
134056,1,0,0,73
134057,1,0,0,64
134058,1,0,0,64
134059,1,0,0,63
134060,1,0,0,65
134061,1,0,0,65
134062,1,0,0,60
134063,1,0,0,62
134064,1,0,0,60
134065,1,0,0,62
134066,1,0,0,61
134067,1,0,0,64
134068,1,0,0,66
134069,1,1,0,64
134070,1,1,0,61
134071,1,0,0,60
134072,1,0,0,66
134073,1,2,0,64
134074,1,2,0,65
134075,1,0,0,67
134076,1,0,0,68
134077,1,3,0,69
134078,1,3,0,71
134079,1,0,0,98
134080,1,0,0,92
134081,1,4,0,97
134082,1,4,0,71
134083,1,0,0,74
134084,1,0,0,83
134085,1,5,0,91
134086,1,5,0,79
134087,1,0,0,99
134088,1,0,0,101
134089,1,6,0,81
134090,1,6,0,66
134091,1,6,0,65
134092,1,6,0,73
134093,1,0,0,66
134094,1,0,0,64
134095,1,7,0,65
134096,1,7,0,66
134097,1,0,0,77
134098,1,0,0,104
134099,1,0,0,102
134100,1,0,0,85
134101,1,0,0,69
134102,1,0,1,66
134103,1,0,0,61
134104,1,0,0,57
134105,1,0,0,59
134106,1,0,0,67
134107,1,0,0,61
134108,1,0,0,60
135001,1,0,0,88
135002,1,0,0,79
135003,1,0,1,66
135004,1,0,1,65
135005,1,0,0,69
135006,1,0,0,64
135007,1,0,1,72
135008,1,0,1,62
135009,1,0,1,67
135010,1,0,1,63
135011,1,0,1,60
135012,1,0,1,67
135013,1,0,1,69
135014,1,0,0,71
135015,1,1,1,70
135016,1,1,0,63
135017,1,0,1,71
135018,1,0,1,62
135019,1,2,1,69
135020,1,2,0,66
135021,1,0,0,65
135022,1,0,0,66
135023,1,3,1,68
135024,1,3,1,65
135025,1,0,0,85
135026,1,0,0,87
135027,1,4,0,84
135028,1,4,1,72
135029,1,0,1,72
135030,1,0,0,79
135031,1,5,1,76
135032,1,5,1,66
135033,1,0,0,83
135034,1,0,1,83
135035,1,6,1,70
135036,1,6,1,65
135037,1,6,0,71
135038,1,6,0,62
135039,1,0,0,68
135040,1,0,0,70
135041,1,7,1,70
135042,1,7,1,68
135043,1,0,1,69
135044,1,0,1,75
135045,1,0,1,70
135046,1,0,0,77
135047,1,0,0,68
135048,1,0,1,64
135049,1,0,1,66
135050,1,0,0,64
135051,1,0,1,67
135052,1,0,1,64
135053,1,0,1,67
135054,1,0,1,65
135055,1,0,0,84
135056,1,0,0,75
135057,1,0,1,64
135058,1,0,1,72
135059,1,0,1,64
135060,1,0,1,67
135061,1,0,1,66
135062,1,0,1,62
135063,1,0,1,63
135064,1,0,0,63
135065,1,0,1,63
135066,1,0,1,66
135067,1,0,1,71
135068,1,0,1,64
135069,1,1,1,70
135070,1,1,1,62
135071,1,0,1,68
135072,1,0,1,65
135073,1,2,1,63
135074,1,2,0,69
135075,1,0,0,66
135076,1,0,0,63
135077,1,3,0,68
135078,1,3,1,64
135079,1,0,0,81
135080,1,0,1,84
135081,1,4,0,78
135082,1,4,1,62
135083,1,0,0,71
135084,1,0,0,76
135085,1,5,1,64
135086,1,5,1,69
135087,1,0,0,67
135088,1,0,0,78
135089,1,6,0,70
135090,1,6,1,65
135091,1,6,1,62
135092,1,6,0,61
135093,1,0,1,62
135094,1,0,0,69
135095,1,7,0,76
135096,1,7,0,69
135097,1,0,0,63
135098,1,0,0,68
135099,1,0,0,69
135100,1,0,0,76
135101,1,0,1,60
135102,1,0,1,66
135103,1,0,1,63
135104,1,0,1,66
135105,1,0,0,72
135106,1,0,1,67
135107,1,0,0,68
135108,1,0,1,68
136001,1,0,0,79
136002,1,0,1,66
136003,1,0,1,62
136004,1,0,1,64
136005,1,0,1,60
136006,1,0,1,57
136007,1,0,1,55
136008,1,0,1,58
136009,1,0,1,58
136010,1,0,1,59
136011,1,0,1,60
136012,1,0,1,61
136013,1,0,1,59
136014,1,0,1,60
136015,1,1,1,61
136016,1,1,0,60
136017,1,0,0,63
136018,1,0,0,61
136019,1,2,1,61
136020,1,2,0,61
136021,1,0,0,60
136022,1,0,0,60
136023,1,3,1,63
136024,1,3,0,62
136025,1,0,0,84
136026,1,0,0,73
136027,1,4,1,68
136028,1,4,1,61
136029,1,0,1,65
136030,1,0,1,68
136031,1,5,1,62
136032,1,5,1,64
136033,1,0,0,75
136034,1,0,0,82
136035,1,6,0,69
136036,1,6,1,60
136037,1,6,0,57
136038,1,6,0,56
136039,1,0,0,54
136040,1,0,0,55
136041,1,7,0,59
136042,1,7,1,63
136043,1,0,0,67
136044,1,0,1,57
136045,1,0,1,58
136046,1,0,0,61
136047,1,0,0,64
136048,1,0,1,58
136049,1,0,1,55
136050,1,0,1,57
136051,1,0,1,59
136052,1,0,1,58
136053,1,0,1,62
136054,1,0,1,59
136055,1,0,0,76
136056,1,0,0,68
136057,1,0,0,58
136058,1,0,0,59
136059,1,0,1,59
136060,1,0,0,59
136061,1,0,0,57
136062,1,0,0,54
136063,1,0,0,58
136064,1,0,0,58
136065,1,0,1,59
136066,1,0,0,61
136067,1,0,1,59
136068,1,0,0,61
136069,1,1,0,61
136070,1,1,0,56
136071,1,0,0,60
136072,1,0,0,58
136073,1,2,1,62
136074,1,2,0,63
136075,1,0,0,60
136076,1,0,0,62
136077,1,3,0,66
136078,1,3,0,65
136079,1,0,0,80
136080,1,0,0,75
136081,1,4,0,68
136082,1,4,1,64
136083,1,0,0,66
136084,1,0,1,66
136085,1,5,1,63
136086,1,5,1,60
136087,1,0,0,74
136088,1,0,0,78
136089,1,6,0,74
136090,1,6,1,67
136091,1,6,0,62
136092,1,6,0,57
136093,1,0,0,56
136094,1,0,0,58
136095,1,7,0,63
136096,1,7,0,63
136097,1,0,0,67
136098,1,0,0,60
136099,1,0,1,55
136100,1,0,0,57
136101,1,0,1,57
136102,1,0,1,59
136103,1,0,1,59
136104,1,0,1,61
136105,1,0,0,65
136106,1,0,1,60
136107,1,0,0,60
136108,1,0,1,58
137001,1,0,0,122
137002,1,0,0,86
137003,1,0,0,90
137004,1,0,1,75
137005,1,0,1,77
137006,1,0,1,80
137007,1,0,1,72
137008,1,0,1,76
137009,1,0,1,73
137010,1,0,0,88
137011,1,0,0,76
137012,1,0,0,88
137013,1,0,0,77
137014,1,0,0,95
137015,1,1,1,83
137016,1,1,0,80
137017,1,0,0,86
137018,1,0,0,78
137019,1,2,0,84
137020,1,2,0,86
137021,1,0,0,79
137022,1,0,0,75
137023,1,3,0,90
137024,1,3,0,79
137025,1,0,0,115
137026,1,0,0,106
137027,1,4,1,81
137028,1,4,0,102
137029,1,0,1,99
137030,1,0,0,90
137031,1,5,0,90
137032,1,5,0,97
137033,1,0,0,112
137034,1,0,0,115
137035,1,6,0,93
137036,1,6,1,69
137037,1,6,0,74
137038,1,6,0,92
137039,1,0,0,100
137040,1,0,0,77
137041,1,7,0,66
137042,1,7,0,95
137043,1,0,0,83
137044,1,0,0,100
137045,1,0,0,92
137046,1,0,1,89
137047,1,0,0,99
137048,1,0,0,82
137049,1,0,0,105
137050,1,0,0,96
137051,1,0,0,99
137052,1,0,0,88
137053,1,0,0,88
137054,1,0,1,71
137055,1,0,0,103
137056,1,0,0,100
137057,1,0,0,103
137058,1,0,0,79
137059,1,0,0,75
137060,1,0,0,85
137061,1,0,0,75
137062,1,0,0,91
137063,1,0,0,93
137064,1,0,0,73
137065,1,0,0,89
137066,1,0,0,74
137067,1,0,0,65
137068,1,0,1,71
137069,1,1,0,77
137070,1,1,0,82
137071,1,0,0,86
137072,1,0,0,74
137073,1,2,1,75
137074,1,2,0,72
137075,1,0,0,79
137076,1,0,0,88
137077,1,3,0,87
137078,1,3,0,91
137079,1,0,0,109
137080,1,0,0,95
137081,1,4,0,83
137082,1,4,0,86
137083,1,0,0,85
137084,1,0,0,81
137085,1,5,0,89
137086,1,5,0,84
137087,1,0,0,109
137088,1,0,0,117
137089,1,6,0,116
137090,1,6,0,90
137091,1,6,0,76
137092,1,6,0,99
137093,1,0,0,95
137094,1,0,0,94
137095,1,7,1,76
137096,1,7,1,70
137097,1,0,0,82
137098,1,0,1,76
137099,1,0,0,80
137100,1,0,0,91
137101,1,0,1,71
137102,1,0,1,71
137103,1,0,0,77
137104,1,0,0,88
137105,1,0,0,96
137106,1,0,0,92
137107,1,0,0,89
137108,1,0,0,78
138001,1,0,0,101
138002,1,0,0,86
138003,1,0,1,91
138004,1,0,1,78
138005,1,0,1,77
138006,1,0,1,73
138007,1,0,1,74
138008,1,0,1,77
138009,1,0,1,79
138010,1,0,1,74
138011,1,0,1,77
138012,1,0,1,77
138013,1,0,1,75
138014,1,0,1,80
138015,1,1,1,76
138016,1,1,1,72
138017,1,0,1,75
138018,1,0,0,76
138019,1,2,1,74
138020,1,2,1,77
138021,1,0,0,82
138022,1,0,0,69
138023,1,3,1,73
138024,1,3,1,69
138025,1,0,1,94
138026,1,0,0,90
138027,1,4,1,88
138028,1,4,1,73
138029,1,0,0,79
138030,1,0,0,97
138031,1,5,0,93
138032,1,5,1,72
138033,1,0,0,75
138034,1,0,1,80
138035,1,6,1,82
138036,1,6,1,72
138037,1,6,0,69
138038,1,6,1,67
138039,1,0,1,80
138040,1,0,0,86
138041,1,7,0,78
138042,1,7,0,72
138043,1,0,1,69
138044,1,0,1,70
138045,1,0,1,70
138046,1,0,0,73
138047,1,0,1,71
138048,1,0,0,68
138049,1,0,0,72
138050,1,0,0,76
138051,1,0,1,76
138052,1,0,0,73
138053,1,0,1,72
138054,1,0,1,71
139001,1,0,1,117
139002,1,0,1,98
139003,1,0,0,94
139004,1,0,0,76
139005,1,0,0,89
139006,1,0,1,92
139007,1,0,1,81
139008,1,0,0,80
139009,1,0,0,81
139010,1,0,0,98
139011,1,0,1,81
139012,1,0,0,92
139013,1,0,1,87
139014,1,0,0,87
139015,1,1,0,97
139016,1,1,0,90
139017,1,0,0,88
139018,1,0,0,83
139019,1,2,0,101
139020,1,2,0,96
139021,1,0,0,90
139022,1,0,1,91
139023,1,3,0,98
139024,1,3,0,107
139025,1,0,0,118
139026,1,0,0,99
139027,1,4,0,95
139028,1,4,0,104
139029,1,0,0,108
139030,1,0,0,99
139031,1,5,0,103
139032,1,5,0,111
139033,1,0,0,121
139034,1,0,0,120
139035,1,6,0,93
139036,1,6,0,80
139037,1,6,0,72
139038,1,6,0,72
139039,1,0,0,85
139040,1,0,1,77
139041,1,7,0,96
139042,1,7,0,101
139043,1,0,0,95
139044,1,0,0,96
139045,1,0,0,96
139046,1,0,1,70
139047,1,0,1,82
139048,1,0,0,86
139049,1,0,1,80
139050,1,0,1,90
139051,1,0,0,87
139052,1,0,0,90
139053,1,0,0,91
139054,1,0,1,73
139055,1,0,0,114
139056,1,0,0,104
139057,1,0,0,78
139058,1,0,1,73
139059,1,0,0,85
139060,1,0,1,83
139061,1,0,1,88
139062,1,0,1,80
139063,1,0,0,84
139064,1,0,1,90
139065,1,0,0,83
139066,1,0,1,90
139067,1,0,0,91
139068,1,0,0,86
139069,1,1,0,94
139070,1,1,0,94
139071,1,0,0,92
139072,1,0,0,80
139073,1,2,0,90
139074,1,2,0,84
139075,1,0,0,91
139076,1,0,0,97
139077,1,3,0,101
139078,1,3,0,104
139079,1,0,0,113
139080,1,0,0,103
139081,1,4,0,100
139082,1,4,0,92
139083,1,0,0,93
139084,1,0,0,104
139085,1,5,0,100
139086,1,5,0,90
139087,1,0,0,115
139088,1,0,0,117
139089,1,6,0,101
139090,1,6,0,76
139091,1,6,0,81
139092,1,6,1,75
139093,1,0,0,76
139094,1,0,1,76
139095,1,7,1,83
139096,1,7,0,98
139097,1,0,0,93
139098,1,0,1,85
139099,1,0,1,87
139100,1,0,0,97
139101,1,0,0,91
139102,1,0,0,72
139103,1,0,1,75
139104,1,0,0,96
139105,1,0,0,92
139106,1,0,0,82
139107,1,0,1,88
139108,1,0,1,96
140001,1,0,0,105
140002,1,0,1,94
140003,1,0,1,86
140004,1,0,1,85
140005,1,0,1,83
140006,1,0,1,82
140007,1,0,1,81
140008,1,0,1,83
140009,1,0,1,83
140010,1,0,1,85
140011,1,0,1,82
140012,1,0,1,83
140013,1,0,1,90
140014,1,0,1,84
140015,1,1,1,83
140016,1,1,1,81
140017,1,0,0,83
140018,1,0,0,83
140019,1,2,1,86
140020,1,2,1,84
140021,1,0,0,81
140022,1,0,0,82
140023,1,3,1,86
140024,1,3,1,89
140025,1,0,0,100
140026,1,0,0,100
140027,1,4,1,102
140028,1,4,1,91
140029,1,0,0,94
140030,1,0,0,90
140031,1,5,1,90
140032,1,5,0,85
140033,1,0,0,103
140034,1,0,0,118
140035,1,6,0,107
140036,1,6,0,103
140037,1,6,0,88
140038,1,6,1,86
140039,1,0,1,85
140040,1,0,1,86
140041,1,7,0,92
140042,1,7,1,93
140043,1,0,0,87
140044,1,0,1,89
140045,1,0,1,88
140046,1,0,1,85
140047,1,0,1,89
140048,1,0,1,90
140049,1,0,1,89
140050,1,0,1,89
140051,1,0,1,86
140052,1,0,1,87
140053,1,0,1,87
140054,1,0,1,89
140055,1,0,1,102
140056,1,0,1,97
140057,1,0,1,84
140058,1,0,1,80
140059,1,0,1,80
140060,1,0,1,78
140061,1,0,1,80
140062,1,0,1,82
140063,1,0,1,82
140064,1,0,1,85
140065,1,0,1,83
140066,1,0,1,86
140067,1,0,1,82
140068,1,0,1,84
140069,1,1,1,84
140070,1,1,1,84
140071,1,0,1,87
140072,1,0,1,87
140073,1,2,1,92
140074,1,2,1,85
140075,1,0,0,84
140076,1,0,1,85
140077,1,3,1,87
140078,1,3,1,86
140079,1,0,0,104
140080,1,0,0,102
140081,1,4,1,104
140082,1,4,1,96
140083,1,0,0,98
140084,1,0,1,100
140085,1,5,1,92
140086,1,5,1,86
140087,1,0,0,100
140088,1,0,0,112
140089,1,6,0,116
140090,1,6,0,102
140091,1,6,0,86
140092,1,6,0,86
140093,1,0,1,88
140094,1,0,1,86
140095,1,7,1,89
140096,1,7,1,92
140097,1,0,1,88
140098,1,0,1,91
140099,1,0,1,85
140100,1,0,1,84
140101,1,0,1,87
140102,1,0,1,89
140103,1,0,1,90
140104,1,0,1,92
140105,1,0,1,88
140106,1,0,1,85
140107,1,0,1,87
140108,1,0,1,85
141001,1,0,0,95
141002,1,0,0,96
141003,1,0,0,90
141004,1,0,0,83
141005,1,0,0,79
141006,1,0,0,80
141007,1,0,0,78
141008,1,0,0,81
141009,1,0,0,82
141010,1,0,1,76
141011,1,0,0,82
141012,1,0,0,82
141013,1,0,0,78
141014,1,0,0,86
141015,1,1,0,85
141016,1,1,0,79
141017,1,0,0,82
141018,1,0,0,77
141019,1,2,0,84
141020,1,2,0,86
141021,1,0,0,81
141022,1,0,0,79
141023,1,3,0,81
141024,1,3,0,86
141025,1,0,0,98
141026,1,0,0,108
141027,1,4,0,104
141028,1,4,0,93
141029,1,0,0,87
141030,1,0,0,87
141031,1,5,0,86
141032,1,5,0,85
141033,1,0,0,97
141034,1,0,0,97
141035,1,6,0,98
141036,1,6,0,87
141037,1,6,0,80
141038,1,6,0,73
141039,1,0,0,76
141040,1,0,0,76
141041,1,7,0,74
141042,1,7,0,77
141043,1,0,0,89
141044,1,0,1,83
141045,1,0,0,79
141046,1,0,0,85
141047,1,0,0,82
141048,1,0,0,80
141049,1,0,0,79
141050,1,0,0,79
141051,1,0,0,79
141052,1,0,0,82
141053,1,0,0,87
141054,1,0,0,82
141055,1,0,0,98
141056,1,0,0,86
141057,1,0,0,80
141058,1,0,0,86
141059,1,0,1,77
141060,1,0,0,77
141061,1,0,1,80
141062,1,0,0,78
141063,1,0,0,77
141064,1,0,0,85
141065,1,0,0,76
141066,1,0,0,79
141067,1,0,0,83
141068,1,0,0,83
141069,1,1,0,81
141070,1,1,0,82
141071,1,0,0,87
141072,1,0,0,87
141073,1,2,0,87
141074,1,2,0,81
141075,1,0,0,73
141076,1,0,0,76
141077,1,3,0,80
141078,1,3,0,87
141079,1,0,0,98
141080,1,0,0,101
141081,1,4,0,99
141082,1,4,1,91
141083,1,0,0,82
141084,1,0,0,75
141085,1,5,1,79
141086,1,5,0,84
141087,1,0,0,95
141088,1,0,0,102
141089,1,6,0,94
141090,1,6,0,94
141091,1,6,1,74
141092,1,6,1,65
141093,1,0,1,71
141094,1,0,0,74
141095,1,7,0,75
141096,1,7,0,78
141097,1,0,0,73
141098,1,0,0,77
141099,1,0,1,81
141100,1,0,0,81
141101,1,0,1,75
141102,1,0,0,73
141103,1,0,1,78
141104,1,0,1,76
141105,1,0,1,78
141106,1,0,1,81
141107,1,0,1,79
141108,1,0,1,81
142001,1,0,0,115
142002,1,0,0,93
142003,1,0,0,87
142004,1,0,0,96
142005,1,0,0,109
142006,1,0,0,96
142007,1,0,0,129
142008,1,0,0,130
142009,1,0,0,127
142010,1,0,0,143
142011,1,0,1,87
142012,1,0,0,110
142013,1,0,0,73
142014,1,0,0,92
142015,1,1,0,38
142016,1,1,0,103
142017,1,0,0,89
142018,1,0,0,91
142019,1,2,0,86
142020,1,2,0,112
142021,1,0,0,110
142022,1,0,0,104
142023,1,3,0,93
142024,1,3,0,100
142025,1,0,0,55
142026,1,0,0,90
142027,1,4,0,107
142028,1,4,0,140
142029,1,0,0,133
142030,1,0,0,87
142031,1,5,0,95
142032,1,5,0,76
142033,1,0,0,105
142034,1,0,0,120
142035,1,6,0,88
142036,1,6,0,159
142037,1,6,0,81
142038,1,6,0,98
142039,1,0,0,161
142040,1,0,0,143
142041,1,7,1,90
142042,1,7,0,138
142043,1,0,0,104
142044,1,0,0,103
142045,1,0,0,95
142046,1,0,0,94
142047,1,0,0,87
142048,1,0,0,87
142049,1,0,0,92
142050,1,0,0,91
142051,1,0,0,93
142052,1,0,0,94
142053,1,0,0,138
142054,1,0,0,147
142055,1,0,0,78
142056,1,0,0,74
142057,1,0,0,80
142058,1,0,0,81
142059,1,0,1,80
142060,1,0,0,74
142061,1,0,0,71
142062,1,0,0,79
142063,1,0,0,79
142064,1,0,0,75
142065,1,0,0,79
142066,1,0,0,74
142067,1,0,0,83
142068,1,0,0,75
142069,1,1,0,74
142070,1,1,0,78
142071,1,0,0,81
142072,1,0,1,76
142073,1,2,0,76
142074,1,2,0,79
142075,1,0,0,82
142076,1,0,0,86
142077,1,3,0,89
142078,1,3,1,92
142079,1,0,0,98
142080,1,0,0,85
142081,1,4,0,75
142082,1,4,0,84
142083,1,0,0,80
142084,1,0,0,76
142085,1,5,0,86
142086,1,5,1,73
142087,1,0,0,66
142088,1,0,0,76
142089,1,6,0,69
142090,1,6,1,72
142091,1,6,0,73
142092,1,6,0,80
142093,1,0,0,87
142094,1,0,0,84
142095,1,7,0,82
142096,1,7,0,67
142097,1,0,0,73
142098,1,0,0,72
142099,1,0,1,67
142100,1,0,0,69
142101,1,0,0,74
142102,1,0,1,76
142103,1,0,0,77
142104,1,0,0,80
142105,1,0,1,71
142106,1,0,0,72
142107,1,0,0,65
142108,1,0,1,68
143001,1,0,0,79
143002,1,0,1,80
143003,1,0,0,80
143004,1,0,0,73
143005,1,0,0,77
143006,1,0,0,69
143007,1,0,0,70
143008,1,0,0,72
143009,1,0,1,76
143010,1,0,1,79
143011,1,0,1,77
143012,1,0,1,78
143013,1,0,0,69
143014,1,0,0,65
143015,1,1,0,63
143016,1,1,0,66
143017,1,0,0,64
143018,1,0,0,72
143019,1,2,0,69
143020,1,2,0,64
143021,1,0,0,71
143022,1,0,1,76
143023,1,3,0,83
143024,1,3,0,88
143025,1,0,0,91
143026,1,0,0,81
143027,1,4,0,81
143028,1,4,0,72
143029,1,0,1,83
143030,1,0,0,63
143031,1,5,0,64
143032,1,5,0,65
143033,1,0,0,67
143034,1,0,0,64
143035,1,6,0,66
143036,1,6,0,69
143037,1,6,1,72
143038,1,6,0,76
143039,1,0,1,82
143040,1,0,1,73
143041,1,7,0,77
143042,1,7,0,74
143043,1,0,0,65
143044,1,0,1,73
143045,1,0,0,69
143046,1,0,0,70
143047,1,0,0,79
143048,1,0,0,76
143049,1,0,1,80
143050,1,0,0,70
143051,1,0,0,61
143052,1,0,0,65
143053,1,0,0,76
143054,1,0,1,78
143055,1,0,0,87
143056,1,0,0,83
143057,1,0,0,82
143058,1,0,0,101
143059,1,0,0,97
143060,1,0,1,83
143061,1,0,0,79
143062,1,0,0,79
143063,1,0,1,79
143064,1,0,0,85
143065,1,0,1,78
143066,1,0,0,76
143067,1,0,1,76
143068,1,0,0,76
143069,1,1,0,80
143070,1,1,0,78
143071,1,0,0,78
143072,1,0,0,81
143073,1,2,0,77
143074,1,2,1,76
143075,1,0,0,75
143076,1,0,0,80
143077,1,3,0,104
143078,1,3,0,105
143079,1,0,0,106
143080,1,0,0,92
143081,1,4,0,97
143082,1,4,0,96
143083,1,0,0,86
143084,1,0,0,77
143085,1,5,0,110
143086,1,5,0,107
143087,1,0,0,99
143088,1,0,0,77
143089,1,6,1,75
143090,1,6,0,88
143091,1,6,0,71
143092,1,6,0,84
143093,1,0,0,90
143094,1,0,0,83
143095,1,7,0,90
143096,1,7,0,87
143097,1,0,0,83
143098,1,0,0,79
143099,1,0,0,80
143100,1,0,0,81
143101,1,0,0,88
143102,1,0,0,90
143103,1,0,0,81
143104,1,0,0,83
143105,1,0,0,93
143106,1,0,0,88
143107,1,0,0,88
143108,1,0,0,78
144001,1,0,0,80
144002,1,0,0,82
144003,1,0,0,77
144004,1,0,0,77
144005,1,0,0,74
144006,1,0,0,78
144007,1,0,0,77
144008,1,0,0,71
144009,1,0,0,75
144010,1,0,0,78
144011,1,0,0,82
144012,1,0,0,68
144013,1,0,0,86
144014,1,0,0,86
144015,1,1,0,93
144016,1,1,0,103
144017,1,0,1,86
144018,1,0,0,86
144019,1,2,1,79
144020,1,2,1,75
144021,1,0,1,76
144022,1,0,0,79
144023,1,3,0,106
144024,1,3,0,105
144025,1,0,0,110
144026,1,0,0,95
144027,1,4,0,94
144028,1,4,0,94
144029,1,0,0,77
144030,1,0,0,80
144031,1,5,0,86
144032,1,5,0,87
144033,1,0,0,94
144034,1,0,0,83
144035,1,6,1,79
144036,1,6,0,79
144037,1,6,1,82
144038,1,6,0,76
144039,1,0,1,81
144040,1,0,1,93
144041,1,7,0,85
144042,1,7,0,91
144043,1,0,1,81
144044,1,0,0,79
144045,1,0,0,80
144046,1,0,0,67
144047,1,0,0,75
144048,1,0,0,73
144049,1,0,1,79
144050,1,0,1,84
144051,1,0,1,83
144052,1,0,1,87
144053,1,0,1,87
144054,1,0,0,92
144055,1,0,0,108
144056,1,0,0,96
144057,1,0,0,92
144058,1,0,0,94
144059,1,0,0,94
144060,1,0,0,95
144061,1,0,0,90
144062,1,0,0,99
144063,1,0,0,101
144064,1,0,0,98
144065,1,0,0,95
144066,1,0,0,98
144067,1,0,0,97
144068,1,0,1,95
144069,1,1,0,90
144070,1,1,1,90
144071,1,0,0,97
144072,1,0,0,95
144073,1,2,0,90
144074,1,2,0,99
144075,1,0,0,102
144076,1,0,0,103
144077,1,3,0,111
144078,1,3,0,117
144079,1,0,0,115
144080,1,0,0,104
144081,1,4,0,109
144082,1,4,0,99
144083,1,0,0,101
144084,1,0,0,108
144085,1,5,0,115
144086,1,5,0,128
144087,1,0,0,88
144088,1,0,0,74
144089,1,6,0,84
144090,1,6,1,75
144091,1,6,1,82
144092,1,6,0,88
144093,1,0,0,88
144094,1,0,0,90
144095,1,7,0,101
144096,1,7,0,90
144097,1,0,0,88
144098,1,0,1,88
144099,1,0,1,85
144100,1,0,1,82
144101,1,0,0,87
144102,1,0,1,85
144103,1,0,0,82
144104,1,0,0,83
144105,1,0,1,81
144106,1,0,0,87
144107,1,0,1,85
144108,1,0,1,86
145001,1,0,0,95
145002,1,0,0,93
145003,1,0,0,83
145004,1,0,0,82
145005,1,0,0,81
145006,1,0,0,82
145007,1,0,0,86
145008,1,0,0,84
145009,1,0,0,87
145010,1,0,0,87
145011,1,0,0,85
145012,1,0,0,89
145013,1,0,0,86
145014,1,0,0,89
145015,1,1,0,88
145016,1,1,0,96
145017,1,0,0,86
145018,1,0,0,82
145019,1,2,0,81
145020,1,2,0,84
145021,1,0,0,87
145022,1,0,0,88
145023,1,3,0,106
145024,1,3,0,107
145025,1,0,0,107
145026,1,0,0,99
145027,1,4,0,108
145028,1,4,0,94
145029,1,0,0,97
145030,1,0,0,99
145031,1,5,0,116
145032,1,5,0,112
145033,1,0,0,86
145034,1,0,0,83
145035,1,6,0,83
145036,1,6,0,89
145037,1,6,0,81
145038,1,6,0,87
145039,1,0,0,84
145040,1,0,0,84
145041,1,7,0,84
145042,1,7,0,82
145043,1,0,0,80
145044,1,0,0,84
145045,1,0,0,87
145046,1,0,0,87
145047,1,0,0,90
145048,1,0,0,94
145049,1,0,0,94
145050,1,0,0,80
145051,1,0,0,76
145052,1,0,0,79
145053,1,0,0,81
145054,1,0,0,83
145055,1,0,0,76
145056,1,0,0,83
145057,1,0,0,80
145058,1,0,0,77
145059,1,0,1,65
145060,1,0,0,69
145061,1,0,0,75
145062,1,0,0,84
145063,1,0,0,67
145064,1,0,1,67
145065,1,0,1,67
145066,1,0,0,73
145067,1,0,1,65
145068,1,0,1,67
145069,1,1,1,62
145070,1,1,1,63
145071,1,0,0,62
145072,1,0,1,65
145073,1,2,0,62
145074,1,2,1,64
145075,1,0,0,65
145076,1,0,0,64
145077,1,3,0,75
145078,1,3,1,85
145079,1,0,0,79
145080,1,0,1,70
145081,1,4,0,70
145082,1,4,0,82
145083,1,0,0,71
145084,1,0,0,74
145085,1,5,0,89
145086,1,5,0,88
145087,1,0,0,68
145088,1,0,0,61
145089,1,6,0,62
145090,1,6,0,60
145091,1,6,1,64
145092,1,6,0,70
145093,1,0,1,73
145094,1,0,0,77
145095,1,7,1,73
145096,1,7,0,70
146001,1,0,1,73
146002,1,0,0,73
146003,1,0,1,74
146004,1,0,0,73
146005,1,0,0,74
146006,1,0,0,77
146007,1,0,0,74
146008,1,0,1,69
146009,1,0,0,71
146010,1,0,0,72
146011,1,0,0,69
146012,1,0,0,68
146013,1,0,0,74
146014,1,0,0,76
146015,1,1,0,62
146016,1,1,0,60
146017,1,0,0,58
146018,1,0,1,61
146019,1,2,0,62
146020,1,2,1,60
146021,1,0,0,61
146022,1,0,0,61
146023,1,3,0,62
146024,1,3,0,64
146025,1,0,0,61
146026,1,0,0,58
146027,1,4,1,64
146028,1,4,0,65
146029,1,0,1,71
146030,1,0,0,65
146031,1,5,1,69
146032,1,5,0,71
146033,1,0,1,72
146034,1,0,1,74
146035,1,6,0,94
146036,1,6,0,72
146037,1,6,0,76
146038,1,6,0,66
146039,1,0,0,79
146040,1,0,0,78
146041,1,7,1,67
146042,1,7,1,69
146043,1,0,0,81
146044,1,0,0,76
146045,1,0,1,71
146046,1,0,1,74
146047,1,0,1,57
146048,1,0,0,59
146049,1,0,1,67
146050,1,0,0,65
146051,1,0,0,69
146052,1,0,1,74
146053,1,0,0,74
146054,1,0,1,73
146055,1,0,0,82
146056,1,0,0,71
146057,1,0,1,67
146058,1,0,1,64
146059,1,0,0,60
146060,1,0,0,67
146061,1,0,0,68
146062,1,0,1,69
146063,1,0,0,71
146064,1,0,0,64
146065,1,0,0,63
146066,1,0,0,63
146067,1,0,0,62
146068,1,0,0,57
146069,1,1,0,59
146070,1,1,1,62
146071,1,0,0,65
146072,1,0,0,59
146073,1,2,0,62
146074,1,2,0,61
146075,1,0,1,64
146076,1,0,0,69
146077,1,3,0,83
146078,1,3,1,72
146079,1,0,0,81
146080,1,0,0,68
146081,1,4,0,74
146082,1,4,0,73
146083,1,0,1,63
146084,1,0,1,69
146085,1,5,0,90
146086,1,5,1,71
146087,1,0,1,62
146088,1,0,0,54
146089,1,6,0,73
146090,1,6,0,62
146091,1,6,0,58
146092,1,6,0,60
146093,1,0,0,63
146094,1,0,1,65
146095,1,7,0,77
146096,1,7,0,59
146097,1,0,1,66
146098,1,0,1,68
146099,1,0,0,69
146100,1,0,0,65
146101,1,0,0,70
146102,1,0,1,65
146103,1,0,1,66
146104,1,0,1,63
146105,1,0,0,84
146106,1,0,0,73
146107,1,0,1,70
146108,1,0,1,64
147001,1,0,0,68
147002,1,0,0,72
147003,1,0,0,70
147004,1,0,1,70
147005,1,0,0,64
147006,1,0,0,62
147007,1,0,0,73
147008,1,0,0,71
147009,1,0,0,69
147010,1,0,0,65
147011,1,0,0,65
147012,1,0,0,62
147013,1,0,0,64
147014,1,0,1,67
147015,1,1,0,55
147016,1,1,0,67
147017,1,0,0,62
147018,1,0,0,66
147019,1,2,0,65
147020,1,2,0,79
147021,1,0,1,69
147022,1,0,0,60
147023,1,3,0,87
147024,1,3,0,73
147025,1,0,1,73
147026,1,0,0,66
147027,1,4,0,68
147028,1,4,0,71
147029,1,0,0,65
147030,1,0,0,79
147031,1,5,0,72
147032,1,5,0,84
147033,1,0,0,78
147034,1,0,0,71
147035,1,6,1,65
147036,1,6,0,81
147037,1,6,0,76
147038,1,6,0,69
147039,1,0,1,67
147040,1,0,1,67
147041,1,7,1,72
147042,1,7,0,70
147043,1,0,0,73
147044,1,0,1,75
147045,1,0,1,78
147046,1,0,0,64
147047,1,0,0,83
147048,1,0,0,72
147049,1,0,1,76
147050,1,0,1,83
147051,1,0,0,78
147052,1,0,0,71
147053,1,0,0,63
147054,1,0,0,67
147055,1,0,0,77
147056,1,0,0,83
147057,1,0,1,81
147058,1,0,0,75
147059,1,0,0,80
147060,1,0,0,79
147061,1,0,0,83
147062,1,0,0,88
147063,1,0,1,82
147064,1,0,0,85
147065,1,0,1,83
147066,1,0,0,87
147067,1,0,0,86
147068,1,0,0,84
147069,1,1,0,78
147070,1,1,0,81
147071,1,0,1,80
147072,1,0,0,79
147073,1,2,0,77
147074,1,2,0,71
147075,1,0,0,81
147076,1,0,0,88
147077,1,3,0,93
147078,1,3,0,102
147079,1,0,0,97
147080,1,0,0,95
147081,1,4,0,84
147082,1,4,0,85
147083,1,0,0,79
147084,1,0,0,77
147085,1,5,0,84
147086,1,5,0,96
147087,1,0,0,88
147088,1,0,0,80
147089,1,6,0,72
147090,1,6,0,71
147091,1,6,0,61
147092,1,6,0,80
147093,1,0,1,68
147094,1,0,1,76
147095,1,7,0,72
147096,1,7,1,81
147097,1,0,1,75
147098,1,0,1,71
147099,1,0,1,77
147100,1,0,0,78
147101,1,0,1,82
147102,1,0,1,68
147103,1,0,0,82
147104,1,0,0,77
147105,1,0,0,76
147106,1,0,1,81
147107,1,0,0,79
147108,1,0,0,76
148001,1,0,0,67
148002,1,0,0,76
148003,1,0,0,73
148004,1,0,0,71
148005,1,0,0,73
148006,1,0,0,69
148007,1,0,0,72
148008,1,0,1,70
148009,1,0,0,76
148010,1,0,0,80
148011,1,0,0,82
148012,1,0,0,82
148013,1,0,0,75
148014,1,0,0,73
148015,1,1,0,74
148016,1,1,0,72
148017,1,0,0,76
148018,1,0,0,78
148019,1,2,0,75
148020,1,2,0,81
148021,1,0,0,70
148022,1,0,0,78
148023,1,3,0,102
148024,1,3,0,81
148025,1,0,0,90
148026,1,0,0,80
148027,1,4,0,77
148028,1,4,0,78
148029,1,0,0,84
148030,1,0,0,68
148031,1,5,0,88
148032,1,5,0,87
148033,1,0,0,85
148034,1,0,0,82
148035,1,6,0,71
148036,1,6,0,72
148037,1,6,0,72
148038,1,6,0,83
148039,1,0,0,76
148040,1,0,0,69
148041,1,7,0,66
148042,1,7,0,73
148043,1,0,0,74
148044,1,0,0,76
148045,1,0,0,79
148046,1,0,0,68
148047,1,0,0,77
148048,1,0,0,75
148049,1,0,0,72
148050,1,0,0,80
148051,1,0,0,84
148052,1,0,0,79
148053,1,0,0,72
148054,1,0,0,73
148055,1,0,0,113
148056,1,0,0,84
148057,1,0,0,78
148058,1,0,0,82
148059,1,0,0,81
148060,1,0,0,82
148061,1,0,0,77
148062,1,0,0,86
148063,1,0,0,88
148064,1,0,0,85
148065,1,0,0,87
148066,1,0,0,90
148067,1,0,0,81
148068,1,0,0,89
148069,1,1,0,91
148070,1,1,0,85
148071,1,0,0,82
148072,1,0,0,89
148073,1,2,0,93
148074,1,2,0,89
148075,1,0,0,88
148076,1,0,0,93
148077,1,3,0,106
148078,1,3,0,100
148079,1,0,0,105
148080,1,0,0,97
148081,1,4,0,97
148082,1,4,0,99
148083,1,0,0,99
148084,1,0,0,103
148085,1,5,0,109
148086,1,5,0,102
148087,1,0,0,92
148088,1,0,0,82
148089,1,6,0,79
148090,1,6,0,85
148091,1,6,0,91
148092,1,6,0,87
148093,1,0,0,91
148094,1,0,0,90
148095,1,7,0,94
148096,1,7,0,96
148097,1,0,0,87
148098,1,0,0,91
148099,1,0,1,89
148100,1,0,0,95
148101,1,0,0,93
148102,1,0,0,91
148103,1,0,1,85
148104,1,0,1,85
148105,1,0,0,85
148106,1,0,0,91
148107,1,0,1,85
148108,1,0,1,86
149001,1,0,0,90
149002,1,0,0,89
149003,1,0,0,80
149004,1,0,0,82
149005,1,0,1,86
149006,1,0,0,77
149007,1,0,1,84
149008,1,0,0,83
149009,1,0,1,83
149010,1,0,0,93
149011,1,0,0,81
149012,1,0,0,82
149013,1,0,0,87
149014,1,0,0,89
149015,1,1,0,88
149016,1,1,0,84
149017,1,0,0,89
149018,1,0,1,86
149019,1,2,0,87
149020,1,2,1,86
149021,1,0,1,89
149022,1,0,0,92
149023,1,3,0,98
149024,1,3,0,111
149025,1,0,0,91
149026,1,0,0,97
149027,1,4,0,95
149028,1,4,0,100
149029,1,0,0,93
149030,1,0,0,94
149031,1,5,0,98
149032,1,5,0,101
149033,1,0,0,90
149034,1,0,0,93
149035,1,6,1,78
149036,1,6,0,78
149037,1,6,1,81
149038,1,6,0,88
149039,1,0,0,95
149040,1,0,0,89
149041,1,7,1,85
149042,1,7,1,90
149043,1,0,1,81
149044,1,0,1,76
149045,1,0,1,85
149046,1,0,0,84
149047,1,0,1,82
149048,1,0,0,86
149049,1,0,0,89
149050,1,0,1,81
149051,1,0,0,89
149052,1,0,1,84
149053,1,0,1,81
149054,1,0,0,91
149055,1,0,1,87
149056,1,0,1,81
149057,1,0,1,82
149058,1,0,1,82
149059,1,0,1,81
149060,1,0,1,81
149061,1,0,1,82
149062,1,0,1,80
149063,1,0,0,79
149064,1,0,1,81
149065,1,0,1,81
149066,1,0,1,79
149067,1,0,1,81
149068,1,0,1,84
149069,1,1,0,83
149070,1,1,1,84
149071,1,0,1,83
149072,1,0,1,82
149073,1,2,0,84
149074,1,2,0,84
149075,1,0,1,83
149076,1,0,1,82
149077,1,3,0,90
149078,1,3,0,85
149079,1,0,1,84
149080,1,0,1,81
149081,1,4,0,84
149082,1,4,1,85
149083,1,0,1,82
149084,1,0,1,82
149085,1,5,1,89
149086,1,5,0,92
149087,1,0,1,79
149088,1,0,1,81
149089,1,6,1,79
149090,1,6,0,81
149091,1,6,0,83
149092,1,6,0,79
149093,1,0,1,79
149094,1,0,1,81
149095,1,7,1,82
149096,1,7,1,82
149097,1,0,1,79
149098,1,0,1,80
149099,1,0,1,80
149100,1,0,1,76
149101,1,0,1,78
149102,1,0,1,78
149103,1,0,1,79
149104,1,0,1,80
149105,1,0,1,81
149106,1,0,1,80
149107,1,0,1,81
149108,1,0,1,80
